id,first_name,last_name,email,gender,ip_address,credit card,buzzword
1,Cass,Wharton,cwharton0@dot.gov,Male,20.215.95.102,3570011177271054,Adaptive
2,Janeva,Duffree,jduffree1@plala.or.jp,Female,92.140.167.185,3542093660708888,systemic
3,Kelly,Petranek,kpetranek2@dailymail.co.uk,Female,250.115.248.44,201625472811810,Quality-focused
4,Packston,Hinstock,phinstock3@1und1.de,Male,176.223.158.117,5108755510948267,24/7
5,Selestina,Petr,spetr4@reference.com,Female,99.93.49.252,4026352982555408,functionalities
6,Kristofor,Durdle,kdurdle5@nih.gov,Male,54.111.113.143,6382502813014446,matrix
7,Sybille,Rosi,srosi6@cbc.ca,Bigender,23.179.133.249,5602246598986081,reciprocal
8,Kara-lynn,Oley,koley7@moonfruit.com,Female,217.159.110.160,6304053140559052782,User-friendly
9,Penn,Breadmore,pbreadmore8@samsung.com,Male,78.45.57.10,5108750564855070,conglomeration
10,Rogers,Brittle,rbrittle9@phpbb.com,Male,28.225.9.139,3551839594332452,Seamless
11,Perri,Sellens,psellensa@studiopress.com,Female,89.111.118.111,3583880341634107,
12,Irvin,Bossons,ibossonsb@qq.com,Male,80.247.215.96,4017958775223,support
13,Benn,Featherstone,bfeatherstonec@china.com.cn,Male,99.73.109.243,6759689539740112487,Ameliorated
14,Jayme,Banker,jbankerd@tinypic.com,Female,250.94.186.153,50209452473644653,algorithm
15,Haskel,Kellitt,hkellitte@google.de,Male,90.244.78.22,36565791160104,Customizable
16,Hardy,Daubeny,hdaubenyf@creativecommons.org,Male,17.15.208.87,3539564564077716,Self-enabling
17,Cyndie,Comberbeach,ccomberbeachg@dyndns.org,Female,32.93.101.95,5048373315782387,Compatible
18,Domini,Baalham,dbaalhamh@vimeo.com,Agender,132.116.98.184,4936280699399450320,conglomeration
19,Kingsley,Bento,kbentoi@whitehouse.gov,Male,221.13.95.148,56102617939268280,global
20,Grannie,Swynley,gswynleyj@artisteer.com,Male,2.36.109.130,676145891655017411,logistical
21,Janelle,Heakey,jheakeyk@addthis.com,Female,218.59.159.96,201532478086845,Expanded
22,Bendix,Steeden,bsteedenl@prlog.org,Male,98.201.24.155,5020509034625371,Triple-buffered
23,Emmet,Housin,ehousinm@w3.org,Male,69.194.24.106,3570540815486278,systemic
24,Zonda,Matfin,zmatfinn@tamu.edu,Female,112.115.21.36,3581195863809827,Reactive
25,Ben,Guirardin,bguirardino@bravesites.com,Male,93.251.75.87,30039113967261,dedicated
26,Arluene,Priscott,apriscottp@miibeian.gov.cn,Female,172.32.248.86,4913754362946808,Phased
27,Ced,Harms,charmsq@hexun.com,Male,139.136.214.7,3528839031310194,Inverse
28,Temple,De la Zenne,tdelazenner@artisteer.com,Male,210.226.224.27,676159730492163413,Visionary
29,Eudora,Reolfo,ereolfos@telegraph.co.uk,Female,232.166.205.3,630434827839268766,Enterprise-wide
30,Fabian,DeSousa,fdesousat@geocities.jp,Male,13.49.114.23,3530751799352233,tertiary
31,Molly,Stoke,mstokeu@nytimes.com,Female,119.75.214.18,3572567738990928,task-force
32,Waverley,Bowater,wbowaterv@twitter.com,Male,141.234.244.224,3533065060120774,stable
33,Karia,Crosi,kcrosiw@washington.edu,Female,201.123.240.115,6706208697919078740,flexibility
34,Iolande,Tresler,itreslerx@ustream.tv,Female,134.78.160.136,3531472773984029,complexity
35,Elka,Faulds,efauldsy@xrea.com,Female,224.31.191.95,30584682413437,website
36,Kimberli,,kmcneilliez@google.co.jp,Female,159.133.206.46,67090773935757452,monitoring
37,Gertrud,Jzhakov,gjzhakov10@instagram.com,Female,57.13.110.9,3547647065738645,definition
38,Rhona,Attewill,rattewill11@example.com,Non-binary,42.141.74.183,6761727823859357889,framework
39,Sara-ann,Mallon,smallon12@japanpost.jp,Female,125.216.145.0,4844882960814542,Synergistic
40,Pierrette,Tape,ptape13@drupal.org,Agender,40.176.74.31,3557386327246314,solution
41,Wolf,Dockrill,wdockrill14@msn.com,Male,0.44.214.121,5002353149697351,frame
42,Derk,McMennum,dmcmennum15@unc.edu,Male,161.91.146.13,4917835382458753,zero tolerance
43,Tadio,Crunkhorn,tcrunkhorn16@blogs.com,Genderfluid,171.71.144.6,30363649123607,secondary
44,Binky,Boltwood,bboltwood17@europa.eu,Male,158.48.202.144,5610698193779974,application
45,Finlay,Spendley,fspendley18@cmu.edu,Non-binary,16.94.49.114,4917993120477534,success
46,Derron,Sanz,dsanz19@arizona.edu,Male,133.200.140.248,3587392336067737,
47,Babbette,Fuzzey,bfuzzey1a@google.ru,Female,143.132.102.227,4017955384565,Graphic Interface
48,Rebekkah,Rodd,rrodd1b@lycos.com,Female,165.40.0.61,30274299056239,Horizontal
49,Susanetta,Mascall,smascall1c@nationalgeographic.com,Female,168.252.14.30,201563910529670,Polarised
50,Florence,Gollop,fgollop1d@ning.com,Female,218.40.41.247,3568894158787121,Ergonomic
51,Boniface,Grandisson,bgrandisson1e@toplist.cz,Male,91.235.201.11,5574339089578691,Organic
52,Cullie,Cossom,ccossom1f@si.edu,Male,215.206.247.131,4844569090145901,Expanded
53,Dean,Giacobo,dgiacobo1g@eventbrite.com,Male,87.189.127.56,374288611628347,
54,Katie,Udall,kudall1h@arizona.edu,Female,150.3.13.234,3569629772700129,bifurcated
55,Gusta,Westney,gwestney1i@etsy.com,Female,165.206.248.225,342745128987283,hierarchy
56,Garold,Toman,gtoman1j@joomla.org,Male,248.115.17.218,560225239997715335,artificial intelligence
57,Inna,Bodell,ibodell1k@dot.gov,Agender,218.210.32.224,4405412559302708,mobile
58,Zandra,Tembridge,ztembridge1l@oracle.com,Female,173.35.76.140,3570038676503794,help-desk
59,Fraze,Cleeves,fcleeves1m@shop-pro.jp,Male,61.194.162.1,5602256374308178,object-oriented
60,Basilio,Edgeller,bedgeller1n@shop-pro.jp,Male,143.39.66.246,5893561660050030,4th generation
61,Shirlee,Gianulli,sgianulli1o@networkadvertising.org,Female,193.40.92.235,3587620577804529,reciprocal
62,Teddy,Rohan,trohan1p@domainmarket.com,Female,161.176.97.230,5155383118236274,global
63,Della,McCafferty,dmccafferty1q@sciencedirect.com,Bigender,140.148.33.67,3560121459207197,knowledge base
64,Geralda,Fatharly,gfatharly1r@cam.ac.uk,Female,172.224.239.108,372301798658938,Graphical User Interface
65,Ginevra,Williams,gwilliams1s@epa.gov,Female,88.204.210.211,3544904709672265,Operative
66,Blinny,Hallowes,bhallowes1t@deviantart.com,Female,3.151.67.91,201725835087999,Pre-emptive
67,Francklyn,Kelloch,fkelloch1u@odnoklassniki.ru,Male,216.172.171.38,6394598686888359,application
68,Brenna,Hurler,bhurler1v@bluehost.com,Female,70.173.143.201,201413332681354,hierarchy
69,Othello,Rookes,orookes1w@state.tx.us,Male,85.254.179.42,3556038325343954,maximized
70,Eliza,Huntingford,ehuntingford1x@theglobeandmail.com,Female,214.224.177.119,201730385028146,executive
71,Catherin,Suart,csuart1y@rambler.ru,Female,22.125.88.20,5583248105488927,framework
72,Corbet,Cooney,ccooney1z@posterous.com,Male,88.98.127.139,5602247235343563006,Profit-focused
73,Marley,Boswood,mboswood20@naver.com,Agender,113.51.13.164,3585593646252966,concept
74,Oby,Goldie,ogoldie21@example.com,Male,7.187.109.225,5100142697506028,functionalities
75,Cornell,Bandy,cbandy22@ebay.co.uk,Male,122.232.185.122,374288003422176,Versatile
76,Keith,Coppeard,kcoppeard23@cyberchimps.com,Male,221.85.192.171,3569491582180665,Mandatory
77,Isiahi,Mapplethorpe,imapplethorpe24@unicef.org,Male,79.137.231.170,4936964212470858,Customizable
78,Dianne,Blakeney,dblakeney25@naver.com,Female,177.156.31.21,201419196759483,Managed
79,Sven,Fraczek,sfraczek26@shutterfly.com,Male,21.232.46.185,677165712008953008,analyzing
80,Bell,Berecloth,bberecloth27@live.com,Female,18.189.140.83,372301117294761,hub
81,Gery,Wilmot,gwilmot28@msu.edu,Male,183.92.223.60,5108751037282496,bifurcated
82,Theadora,Grievson,tgrievson29@behance.net,Agender,183.213.238.170,36676712209514,firmware
83,Nickolaus,Battersby,nbattersby2a@abc.net.au,Male,109.193.254.154,30461970989479,analyzing
84,Veronica,Weightman,vweightman2b@barnesandnoble.com,Female,144.230.45.61,6383875241252211,web-enabled
85,Winslow,Kleynermans,wkleynermans2c@nasa.gov,Male,221.205.218.76,6763605405965476,portal
86,Skipper,Rome,srome2d@sciencedaily.com,Male,36.14.191.51,6334645210594251,
87,Raleigh,Korneluk,rkorneluk2e@yandex.ru,Male,120.107.39.139,3557506802616406,Up-sized
88,Pegeen,Beament,pbeament2f@blog.com,Genderqueer,170.21.91.219,3582378660176330,Adaptive
89,Alejoa,Amar,aamar2g@spotify.com,Male,70.182.146.251,5100131853069558,complexity
90,Kelbee,McCarl,kmccarl2h@trellian.com,Male,37.227.254.91,3578932123452617,optimal
91,Leif,Wint,lwint2i@google.cn,Male,39.205.67.47,3545301261601874,next generation
92,Kaycee,Wantling,kwantling2j@wired.com,Female,125.83.55.233,3550901832475559,
93,Consolata,Leither,cleither2k@hibu.com,Female,215.191.106.140,3569744405063066,zero administration
94,Joelie,Silwood,jsilwood2l@bandcamp.com,Female,245.195.128.193,493651132445679962,Customer-focused
95,Karlik,Cadell,kcadell2m@ucsd.edu,Male,188.216.133.227,3533507389721402,groupware
96,Kleon,Knappe,kknappe2n@odnoklassniki.ru,Male,247.205.98.103,5020817868522899,tangible
97,Eduardo,Kick,ekick2o@epa.gov,Agender,207.76.198.88,201935689906430,benchmark
98,Charity,Ryrie,cryrie2p@miitbeian.gov.cn,Female,66.46.182.223,4017959743733,Enterprise-wide
99,Christye,Garatty,cgaratty2q@nytimes.com,Agender,99.157.26.9,3589192434801286,24/7
100,Goldia,Gatherell,ggatherell2r@wix.com,Female,13.186.110.193,3550674538007766,toolset
101,Giusto,Kilmaster,gkilmaster2s@tripod.com,Male,195.98.172.37,3559035025324596,implementation
102,Myrna,Gilbard,mgilbard2t@unc.edu,Female,216.224.0.120,5602222541279684,policy
103,Donetta,Lathee,dlathee2u@imdb.com,Female,41.189.188.133,4936210161715368,Persistent
104,Blisse,Kitchingman,bkitchingman2v@ehow.com,Female,196.173.50.18,3539795220500481,Visionary
105,Loria,Carlton,lcarlton2w@seattletimes.com,Female,133.18.224.61,3581760581333010,Synergistic
106,Moishe,Marishenko,mmarishenko2x@ask.com,Male,240.4.14.50,5602216874438974,Stand-alone
107,Clemente,Bamborough,cbamborough2y@over-blog.com,Male,170.18.172.185,3577477554827433,background
108,Nonie,Matokhnin,nmatokhnin2z@last.fm,Female,13.2.74.207,3555559652441492,neural-net
109,Devlin,Richt,dricht30@omniture.com,Male,85.0.231.212,3556659183114656,
110,Johny,Klesse,jklesse31@t-online.de,Male,196.199.61.108,493617829589822745,
111,Briano,Vasile,bvasile32@booking.com,Male,129.105.251.45,5100174087329828,Visionary
112,Ulick,Slyde,uslyde33@dell.com,Male,164.154.181.110,3573446263909380,Ergonomic
113,Marylinda,Warnock,mwarnock34@deliciousdays.com,Female,0.57.118.8,201509319961295,foreground
114,Lauree,Lunny,llunny35@google.pl,Female,25.125.42.236,3533051422228869,benchmark
115,Ofelia,Noller,onoller36@ovh.net,Female,20.207.72.212,3577211232236166,
116,Lyndsey,Marrows,lmarrows37@pbs.org,Female,29.210.43.32,3547165578244258,client-server
117,Celine,Nuzzti,cnuzzti38@unc.edu,Female,59.245.161.74,3574472203950531,human-resource
118,Davina,Asp,dasp39@bbb.org,Female,41.44.97.239,6386746352919277,demand-driven
119,Marie-jeanne,Narraway,mnarraway3a@plala.or.jp,Female,71.103.175.84,3556075363005749,implementation
120,Desiri,Regglar,dregglar3b@artisteer.com,Female,142.148.97.42,3566299876383207,Multi-channelled
121,Ailina,Jacobssen,ajacobssen3c@nba.com,Female,246.163.64.175,3568617000762954,content-based
122,Vaclav,Butler-Bowdon,vbutlerbowdon3d@spotify.com,Male,160.66.95.179,5108750938976594,Business-focused
123,Taddeo,Abrahim,tabrahim3e@wikispaces.com,Male,110.123.249.160,3563189666637156,Open-architected
124,Roderick,Lavallie,rlavallie3f@yellowpages.com,Male,196.93.63.249,3542079808237039,Versatile
125,Jeannine,O'Bradane,jobradane3g@youtube.com,Female,140.178.48.198,630439222775553816,tangible
126,Gus,,gfrudd3h@ucla.edu,Male,154.161.185.48,3589322529870918,
127,Bax,Dallinder,bdallinder3i@jugem.jp,Male,246.102.97.27,3579340718831261,Polarised
128,Annis,Sancraft,asancraft3j@hao123.com,Female,207.215.244.199,201806882689109,Centralized
129,Mag,Heggie,mheggie3k@facebook.com,Female,43.26.66.36,060469500638158516,coherent
130,Felicity,Klaiser,fklaiser3l@creativecommons.org,Female,16.216.129.125,3557247827392877,capability
131,Patrizius,Sutherden,psutherden3m@blogspot.com,Non-binary,226.200.210.247,4026145818592243,Universal
132,Leonore,Bresman,lbresman3n@furl.net,Female,79.129.56.197,3555690487312291,leading edge
133,Ruggiero,Frizell,rfrizell3o@gizmodo.com,Male,197.167.195.126,675956476226712862,
134,Michel,Carluccio,mcarluccio3p@wikimedia.org,Bigender,212.217.88.125,3572289887602309,encryption
135,Dominic,Colquit,dcolquit3q@php.net,Genderfluid,121.198.144.22,5038039463487705,clear-thinking
136,Kristo,Gainsbury,kgainsbury3r@si.edu,Male,96.88.66.229,4075359936428715,Reverse-engineered
137,Marven,Deavin,mdeavin3s@uiuc.edu,Male,160.255.43.159,3580010529633175,groupware
138,Sarena,Godwyn,sgodwyn3t@answers.com,Female,172.19.71.41,5602250849167225049,flexibility
139,Marwin,Carding,mcarding3u@eepurl.com,Male,131.255.20.228,3585719879278051,focus group
140,Kaleb,De Ath,kdeath3v@prnewswire.com,Male,17.234.133.46,5602242604305770,upward-trending
141,Dominick,Lamont,dlamont3w@cpanel.net,Male,111.98.56.129,5048375221529612,Open-source
142,Abran,Fullom,afullom3x@google.cn,Male,216.176.104.130,3551665613773925,24/7
143,Keeley,Barends,kbarends3y@cdbaby.com,Female,13.191.182.14,5610763281541890,encompassing
144,Fabien,Buckingham,fbuckingham3z@nps.gov,Male,238.41.201.81,372996274303774,
145,Adiana,Jeafferson,ajeafferson40@godaddy.com,Agender,99.51.248.234,374622659987241,demand-driven
146,Eward,Jaslem,ejaslem41@state.tx.us,Male,75.9.7.110,3546113689674402,capacity
147,Raddie,Shadrach,rshadrach42@github.com,Male,4.53.174.52,3564841378216336,empowering
148,Feliza,Chifney,fchifney43@wikipedia.org,Female,133.74.48.81,5100144036720617,tertiary
149,Karin,Kolakowski,kkolakowski44@nytimes.com,Female,214.191.235.135,3536759846055265,framework
150,Merry,Lyness,mlyness45@mac.com,Male,94.64.92.182,5007663993730750,local
151,Jack,O'Caine,jocaine46@cloudflare.com,Male,113.183.133.244,0604338274187651,Persevering
152,Joleen,Grammer,jgrammer47@prlog.org,Female,125.32.212.208,3549876077171853,bandwidth-monitored
153,Delbert,Zapater,dzapater48@webeden.co.uk,Male,218.185.161.124,201466541441671,
154,Emlen,Kidby,ekidby49@sina.com.cn,Male,254.241.28.85,3568032820036615,optimal
155,Dougy,Colborn,dcolborn4a@reverbnation.com,Male,224.150.55.54,3570811621801012,composite
156,Joelle,Goody,jgoody4b@flavors.me,Female,138.113.34.217,3589799362404238,implementation
157,Francisco,Carmont,fcarmont4c@alibaba.com,Male,172.126.91.88,3563994925026616,complexity
158,Anna-diana,McMullen,amcmullen4d@answers.com,Bigender,198.94.56.45,374288724270557,Inverse
159,Audi,Mulvagh,amulvagh4e@reverbnation.com,Female,229.175.173.192,3559737425317126,solution-oriented
160,Consuelo,Ziemens,cziemens4f@webmd.com,Female,182.21.109.220,5519066050610165,synergy
161,Solly,Pelling,spelling4g@sourceforge.net,Male,208.107.77.121,5461499561151833,Assimilated
162,Janeczka,Jewiss,jjewiss4h@indiatimes.com,Female,10.109.50.247,3550813131261939,multi-state
163,Rorke,Quant,rquant4i@alibaba.com,Male,149.138.234.212,4508691709427574,collaboration
164,George,Lissaman,glissaman4j@mail.ru,Female,155.83.61.178,3546973320557351,encryption
165,Alfons,Tooley,atooley4k@dailymail.co.uk,Male,17.32.77.39,30100357121021,web-enabled
166,Jefferson,Sulter,jsulter4l@nsw.gov.au,Male,130.149.220.229,6372988556827890,grid-enabled
167,Deloris,Muldrew,dmuldrew4m@shutterfly.com,Female,84.30.108.52,30064282362243,Business-focused
168,Viola,Dennert,vdennert4n@squarespace.com,Female,6.210.235.144,4017955576855,knowledge user
169,Tan,Itchingham,titchingham4o@google.co.jp,Male,8.116.30.119,3532945184167796,Assimilated
170,Garland,,gcouttes4p@bravesites.com,Female,12.145.247.164,3548470756847362,Up-sized
171,Jonis,Yesenev,jyesenev4q@mapquest.com,Female,109.1.64.242,374622673286695,Innovative
172,Maddie,Fawkes,mfawkes4r@time.com,Female,22.115.156.71,3586033438830561,demand-driven
173,Kerianne,Battrum,kbattrum4s@bbb.org,Female,238.18.152.248,3566520695484292,responsive
174,Kincaid,Garrard,kgarrard4t@blogspot.com,Male,230.141.234.114,3556428956927045,uniform
175,Raffaello,McPeice,rmcpeice4u@oracle.com,Male,62.12.151.132,201836186453480,heuristic
176,Tallia,De Marchi,tdemarchi4v@sfgate.com,Female,143.254.184.144,6331106837025362,forecast
177,Quinlan,Curnick,qcurnick4w@bbb.org,Male,41.244.158.194,3557621208782924,leading edge
178,Justino,Batsford,jbatsford4x@icio.us,Polygender,231.254.111.249,490513911413667479,solution
179,Dexter,MacGinley,dmacginley4y@rakuten.co.jp,Male,189.102.149.165,3571731832290939,leverage
180,Rudy,Adamov,radamov4z@yale.edu,Male,106.11.21.211,4911467914921698,Persevering
181,Huntlee,Sly,hsly50@house.gov,Male,81.194.45.74,676706044982639330,infrastructure
182,Jackquelin,Broomhead,jbroomhead51@blog.com,Female,132.30.61.244,5100145130455851,Proactive
183,Abbey,Fadian,afadian52@irs.gov,Male,143.22.160.163,3580517752179155,Digitized
184,Marietta,Macvain,mmacvain53@hp.com,Male,252.24.22.236,4903182223282019,Realigned
185,Franky,Dealey,fdealey54@topsy.com,Female,129.149.108.217,30084259138137,contextually-based
186,Suzie,Caldwall,scaldwall55@examiner.com,Female,206.11.102.88,6761889074161334,knowledge user
187,Duffy,Ewings,dewings56@usnews.com,Male,155.98.45.8,4917625661565513,capacity
188,Putnem,Sonier,psonier57@noaa.gov,Male,53.188.89.222,3588427898191548,global
189,Zachary,Shorter,zshorter58@ovh.net,Male,142.20.32.49,3547727991225055,user-facing
190,Alexandrina,Sherme,asherme59@meetup.com,Non-binary,186.6.152.180,3557906877411875,
191,Kinnie,Whitham,kwhitham5a@com.com,Male,17.198.165.195,5550379252267944,Fully-configurable
192,Gregorio,Monahan,gmonahan5b@de.vu,Male,157.168.116.248,3583165114927130,value-added
193,Brendis,Farens,bfarens5c@taobao.com,Male,245.38.77.202,201634047738961,Assimilated
194,Emerson,De Michetti,edemichetti5d@washingtonpost.com,Male,234.114.239.235,5602222836870668,Up-sized
195,Ginelle,Maybery,gmaybery5e@ifeng.com,Female,146.168.40.128,3586786553958729,function
196,Hobard,Gane,hgane5f@wikispaces.com,Male,11.24.96.118,5602233445172917,Graphic Interface
197,Jaine,,jwhate5g@fema.gov,Female,96.100.113.199,670920940857379808,function
198,Elianora,Vannucci,evannucci5h@npr.org,Female,164.20.140.188,3553554189427306,superstructure
199,Merralee,Perrins,mperrins5i@google.com.br,Female,222.206.228.245,3561497863704014,24/7
200,Toby,Barnhart,tbarnhart5j@nationalgeographic.com,Polygender,117.234.230.187,633493652395480411,Polarised
201,Dawna,Worboy,dworboy5k@hud.gov,Female,40.65.219.0,6767510465941845,Cross-group
202,Ermina,Stopper,estopper5l@youtu.be,Female,204.172.229.82,3550860302688705,tangible
203,Stacey,Linklater,slinklater5m@mit.edu,Female,152.6.249.131,201876574704326,methodical
204,Bernardine,Nellies,bnellies5n@house.gov,Female,72.160.35.31,3574126369023414,methodical
205,Rock,Lippett,rlippett5o@ca.gov,Male,243.91.210.88,677174574794254325,client-server
206,Maurits,Torbard,mtorbard5p@51.la,Genderqueer,61.137.56.110,3558150633044006,moratorium
207,Rollo,Dyshart,rdyshart5q@ox.ac.uk,Male,135.188.42.192,3549692355142379,concept
208,Fleur,Fones,ffones5r@oracle.com,Female,30.148.146.186,6399333455140575,User-friendly
209,Cort,Owain,cowain5s@princeton.edu,Male,163.26.125.238,5002353083496117,local
210,Kaja,Melin,kmelin5t@booking.com,Female,42.213.131.216,3584180624755128,website
211,Ted,Eady,teady5u@prweb.com,Female,242.94.131.146,30541991003820,foreground
212,Gage,Tolworthie,gtolworthie5v@seesaa.net,Male,128.53.93.128,3529094036949328,multimedia
213,Angelika,Hutcheon,ahutcheon5w@yahoo.com,Female,216.176.254.111,677103602500431667,Profound
214,Ellene,Trousdell,etrousdell5x@reuters.com,Female,142.189.105.149,3548863285823369,support
215,Amalie,Fitton,afitton5y@gov.uk,Female,65.36.56.167,201782901596478,Universal
216,Fifine,Larham,flarham5z@networksolutions.com,Female,245.85.66.129,4913029659617580,Customizable
217,Archibaldo,Muirden,amuirden60@npr.org,Male,220.130.206.157,201671874615672,background
218,Kory,Grumbridge,kgrumbridge61@vimeo.com,Male,157.167.119.84,5007660803364796,function
219,Inger,Gemlett,igemlett62@printfriendly.com,Male,30.220.118.140,4911438619018312,impactful
220,Doroteya,Neachell,dneachell63@hatena.ne.jp,Female,249.219.29.53,5602226975279433,Focused
221,Adriano,Beauly,abeauly64@w3.org,Male,164.229.173.49,3537520127342718,access
222,Putnam,Gallone,pgallone65@netlog.com,Male,19.126.59.197,5010125820733451,Assimilated
223,Naomi,Beacroft,nbeacroft66@biglobe.ne.jp,Female,175.55.89.188,3531207417741413,synergy
224,Theodor,Cosgry,tcosgry67@usatoday.com,Male,103.55.220.252,4936943502669361,Multi-channelled
225,York,,ybrisco68@devhub.com,Male,49.98.175.4,3546032316623790,Advanced
226,Stepha,Cowdray,scowdray69@mysql.com,Bigender,71.80.161.93,3544323067563968,didactic
227,Renell,Noades,rnoades6a@clickbank.net,Female,117.64.180.246,3578046993057362,Total
228,Jasen,Foakes,jfoakes6b@amazonaws.com,Male,53.33.95.82,5201353037892923,Reactive
229,Zara,Di Franceschi,zdifranceschi6c@un.org,Female,154.26.54.17,3566117798417491,structure
230,Guendolen,Pietri,gpietri6d@sina.com.cn,Female,94.119.211.236,3565917660156791,Synchronised
231,Mariquilla,Paddemore,mpaddemore6e@washington.edu,Female,111.199.192.12,5602239295604040,bandwidth-monitored
232,Jerrilyn,Schole,jschole6f@gizmodo.com,Female,87.182.59.201,6771858190809015730,multi-state
233,Darci,Pothergill,dpothergill6g@squidoo.com,Female,71.3.77.114,201676369507938,high-level
234,Goldy,Catcheside,gcatcheside6h@ft.com,Female,208.253.144.46,3558739571515587,Public-key
235,Cherice,Lingfoot,clingfoot6i@eepurl.com,Female,40.65.133.14,5602227312063365,access
236,Herschel,aManger,hamanger6j@plala.or.jp,Male,100.75.223.51,201860956609469,intermediate
237,Hunter,Rizzardini,hrizzardini6k@examiner.com,Male,2.84.183.223,3583199351061956,instruction set
238,Pearl,Round,pround6l@edublogs.org,Female,110.156.29.130,3550829601822653,6th generation
239,Appolonia,Thornewell,athornewell6m@etsy.com,Female,165.178.190.105,5007660091688146,encryption
240,Tyler,Sambals,tsambals6n@ucsd.edu,Male,155.49.43.17,6399102252736038,secured line
241,Cully,Doy,cdoy6o@bbc.co.uk,Male,245.130.178.72,5602236288371262838,adapter
242,Paulita,,pmapledoore6p@sakura.ne.jp,Female,146.38.188.83,589306780542884648,Networked
243,Martelle,Royl,mroyl6q@umich.edu,Female,227.64.165.249,30060885951911,
244,Nata,MacFayden,nmacfayden6r@tinyurl.com,Agender,58.107.246.224,5010122179519177,artificial intelligence
245,Esteban,,estithe6s@cbc.ca,Male,72.117.101.241,3559056510727424,firmware
246,Nessa,Di Carlo,ndicarlo6t@gravatar.com,Female,111.167.92.224,675903514044918818,web-enabled
247,Alano,Le Ball,aleball6u@dagondesign.com,Male,209.49.216.123,3589372961239411,artificial intelligence
248,Helsa,Sprull,hsprull6v@youku.com,Female,202.57.35.131,372301962056364,content-based
249,Nikki,Melledy,nmelledy6w@discuz.net,Male,219.150.197.204,3566564652495420,Grass-roots
250,Jerald,Tansey,jtansey6x@tmall.com,Male,155.29.7.245,3578058520019948,grid-enabled
251,Lianna,MacEntee,lmacentee6y@rakuten.co.jp,Female,15.125.25.122,3561059004244498,attitude
252,Meagan,Renforth,mrenforth6z@soup.io,Female,42.59.123.193,201524228829368,Quality-focused
253,Sayre,Wildber,swildber70@dedecms.com,Female,203.224.215.196,560222161866417152,solution
254,Abraham,Kelinge,akelinge71@cocolog-nifty.com,Male,219.157.60.99,3561205243438157,migration
255,Katrinka,Fold,kfold72@fotki.com,Female,137.70.31.59,6763831936772157068,challenge
256,Shamus,Welband,swelband73@sourceforge.net,Male,178.48.25.211,5212287545981314,success
257,Kristyn,Gruszecki,kgruszecki74@yellowbook.com,Female,56.100.34.178,3579539541287480,Profound
258,Claus,Vaadeland,cvaadeland75@topsy.com,Male,6.168.87.91,67626540906194178,Ergonomic
259,Bryant,Bonwell,bbonwell76@vistaprint.com,Male,255.197.67.37,560224482066882757,Customer-focused
260,Barry,Spur,bspur77@home.pl,Female,219.68.53.20,201853852357077,Secured
261,Burnard,Natwick,bnatwick78@pbs.org,Male,130.97.152.233,4903345386982215558,non-volatile
262,Sergeant,Voden,svoden79@hud.gov,Male,27.32.168.47,5048374747954057,adapter
263,Kassia,Scraney,kscraney7a@cdc.gov,Female,200.217.142.129,56022173735853542,functionalities
264,Egbert,Hillborne,ehillborne7b@phoca.cz,Male,187.216.185.143,5108758095610237,solution
265,Wilden,Caudle,wcaudle7c@discovery.com,Male,139.19.189.37,4405512475879083,optimal
266,Addy,Brandt,abrandt7d@paginegialle.it,Female,233.26.130.136,3559246688550837,solution-oriented
267,Berke,Wiltshear,bwiltshear7e@eventbrite.com,Male,216.181.55.142,3563666921186657,Assimilated
268,Linzy,Burden,lburden7f@berkeley.edu,Female,246.74.170.76,4175007114015056,interactive
269,Carny,Andren,candren7g@google.de,Male,23.243.5.185,3566922449566616,Progressive
270,Berkly,Braitling,bbraitling7h@google.nl,Male,10.42.78.15,5010127927628733,function
271,Camella,Millthorpe,cmillthorpe7i@discuz.net,Female,237.160.147.58,3582792852904178,6th generation
272,Gasparo,Pamment,gpamment7j@weibo.com,Male,188.98.255.6,4041591676945,Virtual
273,Hortensia,Roland,hroland7k@google.co.jp,Female,3.106.185.140,6395185531586856,asynchronous
274,Wylie,O'Donegan,wodonegan7l@sogou.com,Male,19.183.198.217,5602227003857265,dedicated
275,Felicity,Krebs,fkrebs7m@delicious.com,Female,10.169.35.137,3581746994381449,Digitized
276,Florella,McIlhatton,fmcilhatton7n@webnode.com,Female,168.95.65.3,30360619008917,knowledge user
277,Ronnie,Petracchi,rpetracchi7o@github.io,Female,82.198.133.44,4017959988551,Down-sized
278,Diannne,,drichardet7p@ihg.com,Female,233.137.51.179,6709501504515766579,attitude
279,Bobby,Prisk,bprisk7q@amazon.co.uk,Male,8.231.107.230,3564579255882263,explicit
280,Esta,Gillett,egillett7r@nyu.edu,Female,13.145.224.189,3556828945230197,holistic
281,Demetre,Rabbitts,drabbitts7s@reverbnation.com,Male,243.210.69.118,201811734955344,motivating
282,Erick,Langfitt,elangfitt7t@tuttocitta.it,Male,250.76.230.237,4041375671261237,array
283,Sophronia,Crossley,scrossley7u@rediff.com,Female,214.244.193.55,3579429362114064,
284,Hodge,Linnemann,hlinnemann7v@nps.gov,Male,87.187.79.71,675912936080285845,analyzer
285,Prinz,Gremain,pgremain7w@topsy.com,Male,95.128.175.6,36960970259449,responsive
286,Alene,Dunnet,adunnet7x@skyrock.com,Female,15.204.108.94,5010128092400395,Grass-roots
287,Rubie,Brumfield,rbrumfield7y@lulu.com,Female,115.4.153.245,6762676986442489623,Mandatory
288,Sydel,Nolda,snolda7z@seesaa.net,Female,101.39.150.133,633423581698898620,full-range
289,Percival,Lomis,plomis80@hibu.com,Male,172.123.69.249,3552949428685576,Triple-buffered
290,Karlie,Pletts,kpletts81@reverbnation.com,Female,236.132.191.213,5602226915022159730,Quality-focused
291,Aaron,Takos,atakos82@taobao.com,Male,158.63.14.89,5602253238847988,
292,Bradan,Shemelt,bshemelt83@shutterfly.com,Male,94.255.29.150,3589209022100135,neutral
293,Valera,Tuma,vtuma84@wiley.com,Female,214.34.246.254,4026700712618492,Multi-lateral
294,Hillary,Heaselgrave,hheaselgrave85@cpanel.net,Female,147.33.165.49,3538028210672768,context-sensitive
295,Inness,MacDonnell,imacdonnell86@eventbrite.com,Male,193.121.222.113,374288483889464,human-resource
296,Kipp,Kemp,kkemp87@spiegel.de,Female,126.209.125.13,36290417343931,Decentralized
297,Fancie,Eales,feales88@wikia.com,Female,59.37.231.142,5602250418156578,circuit
298,Joscelin,Puddin,jpuddin89@bbb.org,Female,146.91.31.8,3572695712745198,groupware
299,Lou,Weblin,lweblin8a@google.co.jp,Male,240.226.147.248,6709141706404970,website
300,Rosamund,Lifton,rlifton8b@netscape.com,Female,10.82.65.52,3543531919238750,De-engineered
301,Korney,Younglove,kyounglove8c@dailymail.co.uk,Female,229.56.162.128,3540762138537424,
302,Maryann,De Freyne,mdefreyne8d@github.com,Female,14.130.71.173,4917526666502198,Right-sized
303,Shel,Sharples,ssharples8e@nydailynews.com,Female,57.213.251.14,6385702277167832,secured line
304,Blake,Cough,bcough8f@spotify.com,Female,251.152.69.9,4917986439838032,contextually-based
305,Anestassia,Schapiro,aschapiro8g@istockphoto.com,Female,252.57.247.92,3568890479728992,alliance
306,Neil,Wolfendale,nwolfendale8h@loc.gov,Male,124.4.132.127,3565492684844681,alliance
307,Bernette,Kernocke,bkernocke8i@blogtalkradio.com,Female,65.229.37.81,5100134148884468,Sharable
308,Rocky,Ransom,rransom8j@forbes.com,Male,124.41.246.249,3580679092786469,Self-enabling
309,Clyve,Biddwell,cbiddwell8k@telegraph.co.uk,Male,131.151.134.58,3561222339566882,bifurcated
310,Rois,Kinneally,rkinneally8l@ibm.com,Female,156.37.53.213,3538666281512304,attitude
311,Chandra,Briggs,cbriggs8m@desdev.cn,Female,13.85.200.180,3530729001039160,customer loyalty
312,Gwenni,McDaid,gmcdaid8n@ovh.net,Female,190.223.148.35,3565831125132661,Adaptive
313,Dela,Paty,dpaty8o@issuu.com,Female,89.120.48.12,3558658704988216,contextually-based
314,Priscilla,Giovanardi,pgiovanardi8p@rediff.com,Female,29.104.95.248,5602226334165380,upward-trending
315,Joletta,Tann,jtann8q@github.com,Bigender,210.130.66.163,5610029904272333,non-volatile
316,Matthus,Carette,mcarette8r@moonfruit.com,Male,189.192.56.183,4041370307563,local
317,Allie,Mainson,amainson8s@latimes.com,Male,145.59.84.44,3562738418600218,solution
318,Josselyn,Adrien,jadrien8t@ucoz.ru,Female,141.157.39.185,3583411111909915,system-worthy
319,Gauthier,Lehrmann,glehrmann8u@usnews.com,Male,127.100.197.40,4405659822448391,bottom-line
320,Jammie,Hunnawill,jhunnawill8v@youku.com,Female,245.119.232.127,5100170720209278,Customer-focused
321,Winnie,Sisselot,wsisselot8w@pen.io,Female,46.6.129.222,3552731155429398,Distributed
322,Debbi,,ddemullett8x@washingtonpost.com,Female,47.245.187.170,5010122912402392,support
323,Kristen,Nicholls,knicholls8y@mit.edu,Female,19.185.59.209,3586133282122998,throughput
324,Dode,De Goey,ddegoey8z@nasa.gov,Female,189.69.201.145,5048377419808089,empowering
325,Ryann,Montel,rmontel90@hibu.com,Female,111.189.107.211,5486203386658175,open architecture
326,Benjamen,Shute,bshute91@wired.com,Agender,159.241.105.175,490519875289164735,
327,Fraser,Batcheldor,fbatcheldor92@exblog.jp,Male,129.181.213.78,5100140191286626,human-resource
328,Aguistin,McNeil,amcneil93@paginegialle.it,Male,241.77.98.185,3534000608107198,complexity
329,Selene,Sobtka,ssobtka94@cdc.gov,Female,112.62.187.207,67712962032189861,open architecture
330,Davey,Foystone,dfoystone95@walmart.com,Male,68.184.200.44,201759817700352,Grass-roots
331,Josiah,Catcherside,jcatcherside96@ustream.tv,Male,219.49.75.198,201786785111171,customer loyalty
332,Jorrie,Stearley,jstearley97@multiply.com,Female,250.243.111.108,67611067959922203,transitional
333,Patsy,Tome,ptome98@alexa.com,Male,179.220.184.105,30053430773690,value-added
334,Nanny,Janak,njanak99@ezinearticles.com,Female,140.248.153.190,5602211231980511,extranet
335,Margy,Gligoraci,mgligoraci9a@foxnews.com,Female,202.23.136.245,4175005529573420,needs-based
336,Janel,Kirkwood,jkirkwood9b@myspace.com,Bigender,119.67.40.134,30299594806665,Grass-roots
337,Jerrilyn,Partner,jpartner9c@nytimes.com,Non-binary,132.166.85.197,3560844054148835,extranet
338,Almeda,Hablet,ahablet9d@apache.org,Female,101.70.167.170,5020269585289354,mission-critical
339,Karolina,Mounsie,kmounsie9e@vistaprint.com,Female,165.135.99.19,30370957281752,optimizing
340,Nikolas,Stelle,nstelle9f@networkadvertising.org,Male,197.147.71.95,3555610177467577,
341,Halsey,Frobisher,hfrobisher9g@omniture.com,Male,181.92.16.186,5108750732837430,Monitored
342,May,Hodgins,mhodgins9h@foxnews.com,Female,170.38.180.239,3532658149695658,collaboration
343,Amelie,Peye,apeye9i@cisco.com,Female,135.189.10.113,4844905013697265,incremental
344,Brockie,Russon,brusson9j@imageshack.us,Male,101.135.102.220,3529746873395150,secondary
345,Mortimer,,mnapoleon9k@hao123.com,Male,145.148.167.147,5610624553801547,homogeneous
346,Linnie,Casado,lcasado9l@state.tx.us,Female,161.144.226.111,3575201610730858,client-driven
347,Chelsea,Calow,ccalow9m@craigslist.org,Female,112.119.220.106,5108753354250973,
348,Natal,Hadeke,nhadeke9n@example.com,Male,165.177.191.38,3555735807770908,reciprocal
349,Tann,Hamlett,thamlett9o@dedecms.com,Male,201.178.193.171,5641829731251895806,Phased
350,Rowney,Stryde,rstryde9p@godaddy.com,Male,91.102.212.183,490500366816007499,encryption
351,Leonora,Brackenbury,lbrackenbury9q@chicagotribune.com,Female,11.165.236.227,3573466610845095,radical
352,Maryanna,Hammand,mhammand9r@gmpg.org,Female,137.83.16.229,3559546685294606,firmware
353,Kasper,Shore,kshore9s@google.fr,Male,255.255.123.83,3568883574236169,Switchable
354,Talbot,,tupshall9t@seesaa.net,Male,239.166.132.147,677183224213693757,standardization
355,Eldredge,Sango,esango9u@apache.org,Male,252.2.186.17,3582194164841000,Optional
356,Nobe,Woolaston,nwoolaston9v@wordpress.org,Male,185.11.216.136,3531175898674728,archive
357,Will,De Angelo,wdeangelo9w@yelp.com,Male,133.186.76.250,502037028084901589,static
358,Sheree,Halversen,shalversen9x@hp.com,Genderqueer,50.163.14.136,5893573220181718,background
359,Carroll,Randleson,crandleson9y@imageshack.us,Male,219.159.159.36,3583591419686222,functionalities
360,Eadmund,Beadnall,ebeadnall9z@moonfruit.com,Male,222.134.117.86,3542022169000042,global
361,Toiboid,Rubinek,trubineka0@cloudflare.com,Male,27.224.173.132,3544393391083066,implementation
362,Dwain,Arney,darneya1@bluehost.com,Male,168.131.23.53,374622613040673,Virtual
363,Beniamino,Boltwood,bboltwooda2@51.la,Male,233.175.84.78,3582132742844815,needs-based
364,Frank,Shirrell,fshirrella3@angelfire.com,Female,178.238.210.111,675977453917219353,zero administration
365,Riley,Osanne,rosannea4@printfriendly.com,Male,59.73.207.105,3575066342613155,Compatible
366,Brigitte,McGovern,bmcgoverna5@friendfeed.com,Female,169.35.22.183,3560212627823971,Multi-tiered
367,Holden,Muehle,hmuehlea6@unc.edu,Male,196.87.203.158,3549697914541987,Fundamental
368,Daniele,Spurge,dspurgea7@freewebs.com,Female,177.149.152.91,3547096941650923,matrix
369,Kerwin,Billison,kbillisona8@nytimes.com,Male,127.14.199.93,3548249940937671,
370,Paddie,Tompion,ptompiona9@edublogs.org,Male,101.188.197.255,3548746227094951,solution-oriented
371,Esta,Cossem,ecossemaa@usda.gov,Female,64.244.244.67,6382050388034399,multimedia
372,Trula,Upham,tuphamab@pinterest.com,Female,101.16.70.52,501884002081029047,implementation
373,Adolph,MacCarrane,amaccarraneac@goodreads.com,Male,12.66.204.77,3574888631814959,needs-based
374,Gustave,Maunton,gmauntonad@taobao.com,Male,199.234.130.245,560222501882917570,composite
375,Daisie,Wroughton,dwroughtonae@youku.com,Female,105.200.123.7,5602220163999738,algorithm
376,Rubetta,Durram,rdurramaf@unblog.fr,Female,168.10.199.226,3536276370612429,Operative
377,Sloane,Reeders,sreedersag@php.net,Male,10.252.23.96,3585655798732937,explicit
378,Saundra,Tarquinio,starquinioah@facebook.com,Male,94.122.30.108,5602211959430186,benchmark
379,Ruthe,Northidge,rnorthidgeai@flavors.me,Female,216.147.16.25,63049997455188332,Integrated
380,Trueman,Yurasov,tyurasovaj@wsj.com,Male,141.18.153.245,3537724937970037,Configurable
381,Stefa,Gladwin,sgladwinak@privacy.gov.au,Female,166.103.146.98,3533542636906183,artificial intelligence
382,Cully,Renihan,crenihanal@patch.com,Male,137.230.199.185,4026327930916894,actuating
383,Dee dee,Wake,dwakeam@answers.com,Female,219.128.214.76,3585526099631377,matrices
384,Dru,Loynes,dloynesan@latimes.com,Agender,42.100.26.8,5263791523474265,adapter
385,Sylvester,Mateus,smateusao@rediff.com,Male,92.193.42.3,560221113848453053,composite
386,Les,Boothebie,lboothebieap@printfriendly.com,Male,22.203.217.169,6762088817301045929,system engine
387,Perle,Lomasna,plomasnaaq@zimbio.com,Bigender,172.20.172.195,5100179937523561,implementation
388,Dory,Fells,dfellsar@latimes.com,Female,81.63.151.151,3531185489073495,Cross-group
389,Elisabet,Zorzoni,ezorzonias@blinklist.com,Female,17.218.43.182,5002355043016208,
390,Estrella,Pyrton,epyrtonat@blogspot.com,Non-binary,123.114.69.48,4026649561393014,bi-directional
391,Vivyanne,Gaylor,vgaylorau@mail.ru,Female,39.223.167.58,5108754621463118,maximized
392,Ranna,Hartegan,rharteganav@wired.com,Female,41.235.223.225,3542303534734105,toolset
393,Ralph,McKew,rmckewaw@storify.com,Male,211.189.94.231,5556877933160689,instruction set
394,Virge,McKenna,vmckennaax@so-net.ne.jp,Male,142.73.69.15,5100132811210896,Persevering
395,Caryl,Whitloe,cwhitloeay@godaddy.com,Non-binary,132.139.146.199,3581216651952502,migration
396,Astrix,,agrigorievaz@imgur.com,Female,196.44.18.3,3548621775529247,task-force
397,Padget,Gillyett,pgillyettb0@businesswire.com,Male,94.94.220.125,3529347085492354,fresh-thinking
398,Paton,Storms,pstormsb1@disqus.com,Male,55.185.206.79,6759156881503379,Team-oriented
399,Gwyneth,Morcombe,gmorcombeb2@canalblog.com,Female,29.129.73.58,4041375803434,didactic
400,Marabel,Troth,mtrothb3@homestead.com,Female,158.62.233.167,3585522686869231,alliance
401,Simone,Farncombe,sfarncombeb4@theglobeandmail.com,Male,151.41.213.39,3577214916787058,Balanced
402,Aloin,Bundy,abundyb5@photobucket.com,Male,62.239.242.228,630497044431497033,Expanded
403,Sinclair,Bickardike,sbickardikeb6@businesswire.com,Genderfluid,99.111.252.144,36329600015847,open architecture
404,Jeralee,Antcliffe,jantcliffeb7@google.cn,Female,191.89.169.113,201546701809484,customer loyalty
405,Camella,Smithin,csmithinb8@wired.com,Female,48.164.219.138,3574517910810020,Graphic Interface
406,Shandeigh,Sparshutt,ssparshuttb9@ucsd.edu,Female,59.39.250.110,4017958066813,Exclusive
407,Norean,Klaves,nklavesba@bluehost.com,Female,178.244.221.143,6767874807928922,bifurcated
408,Patsy,Houseago,phouseagobb@usa.gov,Female,250.87.71.19,3560354105736364,heuristic
409,Frieda,Ditchett,fditchettbc@ovh.net,Female,173.122.5.178,6706265285183752941,Digitized
410,Blondell,Cutill,bcutillbd@cloudflare.com,Female,106.116.15.114,5602225094004987,context-sensitive
411,Jenna,Spore,jsporebe@nature.com,Female,94.17.60.44,201825843468841,Persevering
412,Myles,Flint,mflintbf@printfriendly.com,Male,143.188.188.251,3530361720738235,projection
413,Burke,Skakunas,bskakunasbg@mapquest.com,Male,154.184.86.126,3541975836341951,dedicated
414,Jo,Skentelbery,jskentelberybh@nsw.gov.au,Male,255.215.145.218,490506115834703066,collaboration
415,Johan,Northin,jnorthinbi@abc.net.au,Bigender,227.201.32.200,6331107945627039325,help-desk
416,Elaina,Djorvic,edjorvicbj@jiathis.com,Female,136.37.250.68,4905911617928276,Operative
417,Johny,Imesen,jimesenbk@cdc.gov,Male,202.31.192.28,3552416567226042,motivating
418,Briggs,Cool,bcoolbl@nature.com,Male,189.19.221.34,30331628815709,
419,Dory,Edison,dedisonbm@edublogs.org,Male,120.161.41.11,5048377356290721,Pre-emptive
420,Edik,Buckberry,ebuckberrybn@sciencedaily.com,Male,145.185.108.254,4373575573222,
421,Mahmud,Mulvany,mmulvanybo@github.io,Male,184.95.175.223,3544011875132304,tertiary
422,Quent,Jakubowicz,qjakubowiczbp@opensource.org,Male,146.55.189.201,4017952959849535,optimal
423,Clarita,Weildish,cweildishbq@qq.com,Female,64.251.56.240,3545028679488467,
424,Werner,Mangeon,wmangeonbr@miitbeian.gov.cn,Male,18.208.18.146,3550410712067643,monitoring
425,Maressa,Baldrey,mbaldreybs@blogspot.com,Female,106.2.113.253,3546625759075533,data-warehouse
426,Kakalina,Stoodley,kstoodleybt@clickbank.net,Female,184.175.152.161,3574605390614101,Sharable
427,Crissy,Laffin,claffinbu@sohu.com,Female,253.49.4.229,3580485024273869,Automated
428,Ogden,Cuseck,ocuseckbv@seattletimes.com,Male,140.243.95.39,373492053059430,toolset
429,Ulrick,Lansdale,ulansdalebw@ucsd.edu,Polygender,170.23.213.219,3579321352887660,Optimized
430,Orbadiah,Kehir,okehirbx@wikimedia.org,Male,129.109.82.112,337941192673563,moratorium
431,Marielle,Casbon,mcasbonby@linkedin.com,Female,197.120.125.166,560225488344470892,Realigned
432,Biron,Hanshawe,bhanshawebz@shutterfly.com,Genderfluid,209.170.153.81,3572890458820145,Balanced
433,Idalia,,iblachfordc0@mapy.cz,Bigender,25.85.237.115,5430774217352136,well-modulated
434,Marie,Jeannard,mjeannardc1@buzzfeed.com,Female,152.110.86.146,3556414646126214,human-resource
435,Washington,Pittle,wpittlec2@ovh.net,Male,18.171.90.78,4844160888658808,encryption
436,Aurelia,Fettes,afettesc3@scribd.com,Female,138.60.86.48,3557051168419558,Down-sized
437,Ramsay,Spacie,rspaciec4@elegantthemes.com,Male,213.105.182.17,3558294138159214,approach
438,Adelaide,Dietzler,adietzlerc5@ted.com,Female,136.9.126.79,3563098847004386,superstructure
439,Fleurette,Cockcroft,fcockcroftc6@paginegialle.it,Female,11.176.191.11,30231661377700,Persevering
440,Sylas,Braybrooke,sbraybrookec7@youtu.be,Male,125.93.141.167,4911552852854251881,Visionary
441,Aguistin,Marzelo,amarzeloc8@lulu.com,Male,52.65.119.157,3532469453537589,real-time
442,Gui,Ruppel,gruppelc9@devhub.com,Female,228.221.136.82,6331107744582612980,hierarchy
443,Danit,Brigge,dbriggeca@skyrock.com,Genderqueer,19.64.102.245,30414857963893,didactic
444,Harv,Fellona,hfellonacb@ifeng.com,Male,122.134.174.99,3538836569009964,bottom-line
445,Yancey,Bilton,ybiltoncc@bizjournals.com,Male,92.169.211.156,560222104968455753,Secured
446,Cyrus,Unitt,cunittcd@bbc.co.uk,Male,129.160.15.80,3570101846680189,Optional
447,Horst,,hjerrardce@instagram.com,Genderqueer,147.151.78.18,6767656402610942,directional
448,Vlad,Van Baaren,vvanbaarencf@usgs.gov,Male,129.187.130.156,3585383787980694,
449,Joeann,Cattermole,jcattermolecg@clickbank.net,Female,142.191.243.10,3581780027617446,encoding
450,Laverna,Torrance,ltorrancech@zdnet.com,Female,103.139.103.6,502072909569210560,ability
451,Maddalena,Olivas,molivasci@last.fm,Female,13.29.202.170,3570720942334464,Fully-configurable
452,Tuck,Del Checolo,tdelchecolocj@printfriendly.com,Male,134.55.94.106,3567076716207591,non-volatile
453,Carmine,Corker,ccorkerck@smugmug.com,Male,154.251.87.102,3551328055215315,coherent
454,Hermie,Sex,hsexcl@desdev.cn,Male,198.113.111.226,5007668725174896,Face to face
455,Ermengarde,Steinson,esteinsoncm@infoseek.co.jp,Female,210.94.250.154,4911284209340115219,stable
456,Tess,Clink,tclinkcn@rediff.com,Female,127.241.197.8,3556657802300391,modular
457,Dudley,Willett,dwillettco@163.com,Male,186.13.199.21,560223860056906440,service-desk
458,Chaim,McCarter,cmccartercp@twitpic.com,Male,36.210.165.153,3553313828196602,value-added
459,Krishna,Bindin,kbindincq@tinypic.com,Male,14.239.140.230,3536753582478757,
460,Conroy,Alejandro,calejandrocr@apache.org,Male,163.23.117.219,5610743110640709,Decentralized
461,Wilton,,wmertschingcs@blogs.com,Male,79.46.233.216,30371095289277,project
462,Odell,McAlroy,omcalroyct@irs.gov,Male,19.98.29.29,3545587636231062,Persevering
463,Sherline,Paffley,spaffleycu@prnewswire.com,Female,249.209.140.227,06040587325534340,Pre-emptive
464,Roslyn,Tracey,rtraceycv@state.gov,Female,82.247.198.48,3580686222175265,bi-directional
465,Bradford,Lovekin,blovekincw@newsvine.com,Male,254.220.222.225,201774988613631,
466,Warner,Lamplough,wlamploughcx@unc.edu,Male,120.100.179.30,5301283155936484,Multi-layered
467,Alexandra,Blackborough,ablackboroughcy@umich.edu,Female,56.61.153.90,5002350863076747,Decentralized
468,Georg,Cottie,gcottiecz@wordpress.org,Male,121.252.54.154,5433627742033380,initiative
469,Izak,Coat,icoatd0@shareasale.com,Male,82.103.38.152,5007661225307942,Innovative
470,Matthew,O'Kennedy,mokennedyd1@mozilla.com,Non-binary,174.76.109.7,5610449178432019,open architecture
471,Jessey,De Francisci,jdefranciscid2@zdnet.com,Male,72.219.193.95,3545121894932540,architecture
472,Bonni,Shinton,bshintond3@nature.com,Female,105.108.10.166,201469148014081,bottom-line
473,Mureil,Biswell,mbiswelld4@godaddy.com,Female,1.117.176.79,3560791836433169,5th generation
474,Avis,Antyshev,aantyshevd5@ted.com,Female,73.73.89.144,5602222661394271,task-force
475,Donnell,McCrostie,dmccrostied6@usa.gov,Bigender,250.165.7.61,6394624247844622,Assimilated
476,Berne,Salvador,bsalvadord7@boston.com,Male,107.212.205.9,3552794378695708,flexibility
477,Sydelle,Hencke,shencked8@mozilla.com,Female,22.119.191.168,5333728640384734,local
478,Jonell,Spilsted,jspilstedd9@webeden.co.uk,Female,154.153.113.176,5100143941101699,collaboration
479,Trey,Hamberston,thamberstonda@google.pl,Polygender,162.224.27.204,5010120345340205,encoding
480,Linnie,Reaper,lreaperdb@360.cn,Female,240.133.3.17,67097843690922097,impactful
481,Monika,Crathorne,mcrathornedc@oracle.com,Female,100.27.138.242,5007669211643089,bifurcated
482,Ella,Vegas,evegasdd@hostgator.com,Female,149.21.8.64,5108759152339900,De-engineered
483,Bryce,Brearley,bbrearleyde@ehow.com,Male,131.43.186.213,6763933660366532091,Synchronised
484,Juliet,Wiskar,jwiskardf@ft.com,Female,29.75.58.145,4041590625202901,leading edge
485,Terrel,Vasey,tvaseydg@dropbox.com,Male,3.194.0.208,3547354365794218,approach
486,Kingsly,Toal,ktoaldh@wunderground.com,Male,161.208.42.216,3564653576190373,
487,Agnesse,Rosevear,aroseveardi@hp.com,Genderfluid,120.211.100.115,6771443469026656407,Pre-emptive
488,Cassondra,Moreno,cmorenodj@spiegel.de,Female,111.46.129.184,3570040629892480,
489,Rubia,Buckham,rbuckhamdk@geocities.jp,Female,228.145.218.55,4026031249422764,multi-state
490,Florry,Feely,ffeelydl@tinypic.com,Female,48.78.111.196,560221443916998550,Open-architected
491,Rafaellle,Presswell,rpresswelldm@google.pl,Male,18.232.8.12,3580287638528153,Reverse-engineered
492,Moises,Cocksedge,mcocksedgedn@google.es,Male,46.171.255.185,3580167216701135,initiative
493,Randy,Mogenot,rmogenotdo@issuu.com,Female,243.71.2.133,6759842441946242982,
494,Nani,Blaszkiewicz,nblaszkiewiczdp@google.co.jp,Female,181.19.133.94,3569343887738160,didactic
495,Christabel,Zorzetti,czorzettidq@washingtonpost.com,Female,125.150.183.171,4175004745990120,neutral
496,Chris,O'Cannavan,cocannavandr@epa.gov,Male,57.8.196.91,3556228678269928,portal
497,Andrea,Cayford,acayfordds@pagesperso-orange.fr,Male,128.132.49.225,3574436713341218,needs-based
498,Ketti,Faltin,kfaltindt@wikimedia.org,Polygender,251.245.168.128,5048378432346149,Multi-tiered
499,Antin,Woodstock,awoodstockdu@cargocollective.com,Male,242.144.75.21,3537799956245750,Managed
500,Garrard,Dummigan,gdummigandv@thetimes.co.uk,Male,97.222.94.43,5602229873887631227,Object-based
501,Kati,Vasin,kvasindw@phoca.cz,Female,60.173.43.18,3573263194661265,service-desk
502,Abigale,Laslett,alaslettdx@fastcompany.com,Female,209.102.102.207,5641829494448323,Customer-focused
503,Joletta,Farley,jfarleydy@tinypic.com,Female,192.78.84.163,5007664362354826,User-friendly
504,Cullan,Pepi,cpepidz@google.com,Male,39.90.68.186,5602211696406812,success
505,Toinette,Lownie,tlowniee0@techcrunch.com,Female,5.7.247.130,633391167754414896,pricing structure
506,Donni,Fitzsymons,dfitzsymonse1@sogou.com,Female,163.0.158.13,3570509816695211,Enterprise-wide
507,Bartolomeo,Firpo,bfirpoe2@paginegialle.it,Male,209.172.77.101,3581823848607921,demand-driven
508,Lynn,Hick,lhicke3@reference.com,Polygender,185.119.59.142,5602229507507677,Total
509,Laurie,McKerton,lmckertone4@yahoo.co.jp,Female,200.218.166.213,3554150586366327,project
510,Weston,McCrie,wmccriee5@hugedomains.com,Male,39.200.182.255,3549997946065595,Re-contextualized
511,Sukey,Benardeau,sbenardeaue6@census.gov,Female,232.134.96.240,3572209506380855,database
512,Harrietta,Colliar,hcolliare7@topsy.com,Female,219.37.1.173,4911156856978290485,reciprocal
513,Jodee,Bletsoe,jbletsoee8@bloglines.com,Female,242.127.103.20,675977628029932940,contextually-based
514,Chris,Tregunna,ctregunnae9@state.tx.us,Male,109.217.25.29,5007667166089795,Re-engineered
515,Krystalle,Nockells,knockellsea@icq.com,Female,88.82.141.180,3548674823605097,application
516,Torr,Fullerton,tfullertoneb@odnoklassniki.ru,Male,65.135.192.42,374283082120171,Pre-emptive
517,Blakelee,Segge,bseggeec@usnews.com,Female,4.0.24.211,5641821843116715893,neutral
518,Adriaens,Skyrm,askyrmed@chronoengine.com,Female,102.148.191.171,201954751212684,high-level
519,Maddy,D'Costa,mdcostaee@google.pl,Female,167.91.219.11,3553315237767642,analyzer
520,Irwinn,Belverstone,ibelverstoneef@jigsy.com,Male,53.58.119.79,4913124793167228,Right-sized
521,Phylys,Killeley,pkilleleyeg@wp.com,Female,167.75.4.71,3559755574562987,Phased
522,Grantham,Eckersall,geckersalleh@ustream.tv,Male,69.42.43.2,5284547729798609,toolset
523,Rustie,Iacovielli,riacovielliei@nps.gov,Male,115.8.197.195,201828022124656,Organic
524,Dimitri,Linebarger,dlinebargerej@wunderground.com,Male,157.133.76.19,201959879368896,neural-net
525,Peta,Kearford,pkearfordek@cyberchimps.com,Female,158.45.133.101,502031079042546855,5th generation
526,Norby,McRory,nmcroryel@jalbum.net,Male,223.42.72.62,5602233645587765,access
527,Zorah,Reasce,zreasceem@mtv.com,Agender,14.99.98.192,3530861759227398,grid-enabled
528,Antonino,Brecher,abrecheren@bbb.org,Male,205.134.32.144,6763827360773774,dynamic
529,Byrann,Gwilym,bgwilymeo@nba.com,Male,240.55.51.179,676247214007185454,customer loyalty
530,Kat,Leffek,kleffekep@exblog.jp,Female,235.111.0.3,201967480143178,circuit
531,Niccolo,Leaton,nleatoneq@naver.com,Male,69.31.214.52,5007669041928262,actuating
532,Faber,Tabram,ftabramer@blog.com,Male,173.124.130.235,5010123819624930,moratorium
533,Rozanne,,rdaelmanes@domainmarket.com,Female,145.1.120.241,3584684336205496,Vision-oriented
534,Elijah,Jerwood,ejerwoodet@sohu.com,Male,203.44.141.208,3574100373335346,discrete
535,Maddy,Jamblin,mjamblineu@cyberchimps.com,Non-binary,135.121.127.60,5007665388113369,solution
536,Georg,Luchetti,gluchettiev@liveinternet.ru,Male,80.139.66.70,3549572538997958,multi-state
537,Daloris,Folca,dfolcaew@lulu.com,Female,195.83.250.150,3573534335807557,installation
538,Melisandra,Sharpley,msharpleyex@indiatimes.com,Female,196.44.14.23,201579667555262,24/7
539,Shae,Taillard,staillardey@symantec.com,Bigender,25.47.197.11,3528790806764885,Cloned
540,Granger,,gdevriesez@ebay.com,Male,201.129.163.196,5602251079246146,Streamlined
541,Meredith,Huggins,mhugginsf0@plala.or.jp,Female,120.76.177.54,5112736294239416,
542,Ginger,Foulger,gfoulgerf1@wiley.com,Male,247.225.54.27,3561416016879069,user-facing
543,Langsdon,Crang,lcrangf2@hugedomains.com,Male,53.0.41.109,4905347587608798,data-warehouse
544,Maddie,Fleay,mfleayf3@feedburner.com,Female,57.64.63.24,374622849642573,conglomeration
545,Rudolf,,rjacopf4@mail.ru,Male,28.113.56.252,3562321790932978,access
546,Tedd,Meadus,tmeadusf5@dagondesign.com,Male,59.49.31.44,5521580699458972,installation
547,Gannie,O'Doogan,godooganf6@apple.com,Male,224.232.153.172,3554585051160897,neutral
548,West,Cobson,wcobsonf7@harvard.edu,Male,148.13.200.65,3528732909179181,
549,Shep,Sea,sseaf8@mozilla.org,Male,147.44.48.195,564182460734072078,software
550,Francis,Golda,fgoldaf9@state.tx.us,Male,117.137.69.252,3530738660259985,national
551,Dorri,Gasquoine,dgasquoinefa@indiegogo.com,Female,162.225.104.31,676752603837517091,holistic
552,Juditha,Lefever,jlefeverfb@yale.edu,Female,24.209.231.128,633384734937861589,utilisation
553,Pacorro,Sappy,psappyfc@posterous.com,Male,48.118.30.202,3541774548968072,Business-focused
554,Winn,Simoneton,wsimonetonfd@wikipedia.org,Male,194.121.42.205,3580852561127057,User-centric
555,Jeffry,McNelis,jmcnelisfe@loc.gov,Male,145.17.156.133,3567973569538215,
556,Rafe,Hawtin,rhawtinff@amazon.co.jp,Male,159.145.229.117,372301908046347,Versatile
557,Raoul,Rothera,rrotherafg@discuz.net,Male,22.189.166.155,6331108291903233848,
558,Emanuele,Phateplace,ephateplacefh@cdbaby.com,Male,187.164.73.65,5100132517177696,client-server
559,Emalia,,efletcherfi@uol.com.br,Female,213.166.159.100,3588721609404574,Front-line
560,Levon,Vogele,lvogelefj@weibo.com,Male,120.148.248.40,56022583150421411,
561,Tom,Scimone,tscimonefk@sciencedirect.com,Male,239.57.241.66,5602257422024858,full-range
562,Giusto,Schermick,gschermickfl@sun.com,Male,210.181.248.60,374288288955874,portal
563,Gunther,Kibbee,gkibbeefm@latimes.com,Male,111.201.23.65,4108082296623839,system engine
564,Garvin,Teodoro,gteodorofn@apache.org,Male,84.41.57.74,3574770431212321,architecture
565,Brockie,Kearley,bkearleyfo@hp.com,Agender,179.114.220.32,3545386783785073,internet solution
566,Randy,Drewery,rdreweryfp@boston.com,Agender,12.91.88.168,6380015365507412,algorithm
567,Jerad,Ebunoluwa,jebunoluwafq@purevolume.com,Male,241.101.162.33,3575673414104730,exuding
568,Louisa,Screaton,lscreatonfr@mit.edu,Female,155.98.35.160,6390647905207034,methodical
569,Genni,Phillimore,gphillimorefs@newyorker.com,Female,195.198.113.43,6397018914770797,Pre-emptive
570,Frederic,Beauchop,fbeauchopft@last.fm,Non-binary,183.43.111.186,4559171787212,disintermediate
571,Carrie,Levermore,clevermorefu@phoca.cz,Female,139.163.136.95,3557208804880433,extranet
572,Hendrik,Bernardoux,hbernardouxfv@yolasite.com,Bigender,146.33.121.103,3574912014074633,encryption
573,Geoff,Stanfield,gstanfieldfw@smugmug.com,Male,105.165.106.139,3567269310189089,contingency
574,Lorianne,Tonkin,ltonkinfx@marketwatch.com,Female,88.203.186.82,4508513450669651,moderator
575,Gennie,Gerler,ggerlerfy@bbb.org,Female,4.17.95.137,4844810509737775,Mandatory
576,Torie,Phillipps,tphillippsfz@tamu.edu,Female,179.72.238.196,5002357247908867,discrete
577,Michaela,Sterndale,msterndaleg0@tiny.cc,Female,187.136.203.158,5602257652763910,contextually-based
578,Laina,Boylan,lboylang1@nymag.com,Female,126.72.162.11,30446093916392,model
579,Malinde,Carder,mcarderg2@chronoengine.com,Female,172.149.164.208,201841266858574,emulation
580,Grete,Sainer,gsainerg3@arstechnica.com,Female,158.118.70.29,490513027576130476,productivity
581,Engracia,Gigg,egiggg4@unesco.org,Female,182.92.172.169,3530289418290815,Decentralized
582,Bobbye,D'Adamo,bdadamog5@github.io,Female,233.7.142.71,3553037227168116,exuding
583,Nikolaus,Le Noury,nlenouryg6@sciencedaily.com,Male,110.133.172.247,4041599242871261,transitional
584,Jerry,Presho,jpreshog7@booking.com,Female,13.174.148.54,3586132461716133,composite
585,Dallon,Prinne,dprinneg8@intel.com,Male,124.235.196.144,675957026941290824,real-time
586,Isidro,Pietersen,ipieterseng9@wiley.com,Male,202.244.221.129,5007663784461060,Innovative
587,Delia,Grundon,dgrundonga@bbc.co.uk,Female,202.11.80.255,4017959863129151,uniform
588,Wake,Strain,wstraingb@parallels.com,Male,217.193.101.138,30171750941729,adapter
589,Trudy,Masden,tmasdengc@shinystat.com,Female,60.99.226.125,30220522393311,foreground
590,Pepito,Antonikov,pantonikovgd@csmonitor.com,Male,30.52.143.243,67617080839015571,
591,Brew,Kindley,bkindleyge@slashdot.org,Male,215.167.104.135,4508171213478256,
592,Gaylord,Treagus,gtreagusgf@blogtalkradio.com,Male,151.14.253.189,3568509543774549,secured line
593,Nollie,Orcas,norcasgg@storify.com,Male,45.65.241.28,5249490140527931,
594,Margy,Haggar,mhaggargh@w3.org,Female,78.162.204.223,6767776649192247,Programmable
595,Case,Arnley,carnleygi@bbc.co.uk,Male,238.220.89.11,3559518616019154,didactic
596,Kerrill,Yakovich,kyakovichgj@spotify.com,Female,155.92.178.185,56022489559541215,firmware
597,Ezequiel,Mayger,emaygergk@netvibes.com,Male,198.30.10.63,5403890232121414,eco-centric
598,Terence,Nutbrown,tnutbrowngl@wikia.com,Male,14.104.99.50,5146995681363334,architecture
599,Kelly,Poundsford,kpoundsfordgm@example.com,Female,133.22.124.36,5108756153797441,Graphical User Interface
600,Matty,Lyons,mlyonsgn@ocn.ne.jp,Male,87.220.231.187,5602233267333810945,context-sensitive
601,Chaim,Lewin,clewingo@ft.com,Male,23.191.60.233,3583166547080935,open architecture
602,Krispin,Grayson,kgraysongp@yale.edu,Male,122.165.201.200,3548585819191779,initiative
603,Elysia,Wiggam,ewiggamgq@patch.com,Female,23.224.209.124,5108751861225207,tertiary
604,Calli,Akister,cakistergr@indiatimes.com,Female,44.60.60.157,4911726968607283,Persistent
605,Modesta,McInulty,mmcinultygs@about.com,Female,162.43.71.55,3548380818125782,Cross-group
606,Risa,Gully,rgullygt@foxnews.com,Agender,6.15.107.214,30503957499236,Visionary
607,Padgett,Gresser,pgressergu@printfriendly.com,Male,102.159.170.58,3562162993887878,approach
608,Alexia,Heinecke,aheineckegv@altervista.org,Female,118.211.215.237,3530786696019378,multi-state
609,Nanine,Goaley,ngoaleygw@unc.edu,Female,173.245.134.158,560225262074052646,needs-based
610,Alic,Catterall,acatterallgx@51.la,Male,214.232.4.77,3536120856779361,
611,Waneta,Peasee,wpeaseegy@dell.com,Female,210.96.60.109,3563105581534286,3rd generation
612,Boyd,Bricksey,bbrickseygz@pen.io,Male,222.19.138.16,56108555372378626,analyzing
613,Vernor,,vmatousekh0@yelp.com,Male,103.7.10.211,5525889029278810,empowering
614,Caty,Widdop,cwiddoph1@ifeng.com,Female,62.185.246.85,56022510059740195,Organic
615,Wilfrid,Keenlayside,wkeenlaysideh2@mtv.com,Male,25.233.228.72,374283699607636,bottom-line
616,Milo,Foad,mfoadh3@xinhuanet.com,Male,56.255.128.54,3587913129011531,solution-oriented
617,Donelle,Crevy,dcrevyh4@rakuten.co.jp,Female,164.207.90.231,3533673384622829,holistic
618,Thomasine,Clow,tclowh5@redcross.org,Female,69.84.247.176,5100143478714476,functionalities
619,Vitia,Mather,vmatherh6@jugem.jp,Female,57.123.191.100,3548712633286714,
620,Alexis,Bartholomew,abartholomewh7@rambler.ru,Male,146.44.238.147,378373453715794,Diverse
621,Minta,Allkins,mallkinsh8@de.vu,Bigender,222.171.90.119,3589814308323457,motivating
622,Micki,MacNockater,mmacnockaterh9@e-recht24.de,Female,227.84.18.130,3585899981186382,architecture
623,Olav,Rounsefell,orounsefellha@xing.com,Male,169.170.70.194,3566068768650522,Robust
624,Fabian,Lockney,flockneyhb@latimes.com,Male,211.100.182.9,3559299523721568,client-driven
625,Friedrick,Padell,fpadellhc@rediff.com,Genderqueer,133.238.61.250,374622509159504,cohesive
626,Aaren,Francescozzi,afrancescozzihd@google.com.hk,Female,251.137.206.235,560221969394545182,functionalities
627,Roth,Lucock,rlucockhe@macromedia.com,Male,32.13.173.34,561052429800481201,web-enabled
628,Ibbie,Rowlands,irowlandshf@miitbeian.gov.cn,Female,197.60.91.133,343773269543912,attitude
629,Ingrid,Gambie,igambiehg@globo.com,Female,176.205.203.82,67713439143583976,Team-oriented
630,Frans,Dunridge,fdunridgehh@gnu.org,Male,229.101.99.75,3545078785180573,Balanced
631,Lin,Gather,lgatherhi@123-reg.co.uk,Agender,232.139.86.148,3566182425786312,multi-state
632,Jolyn,Murr,jmurrhj@newsvine.com,Female,186.5.110.42,4175008714966433,product
633,Nessi,Guyon,nguyonhk@cafepress.com,Agender,180.175.225.207,5641827275541748278,bandwidth-monitored
634,Ransell,Disley,rdisleyhl@blogger.com,Male,194.46.245.108,5002351150252223,Persistent
635,Gordan,Harsnep,gharsnephm@photobucket.com,Male,25.165.110.55,5100145796392935,optimizing
636,Pepillo,Strutley,pstrutleyhn@vimeo.com,Male,208.220.226.99,3571585317550013,open system
637,Lodovico,Blundell,lblundellho@google.com,Male,113.220.105.183,4917014967547352,
638,Glenden,Carter,gcarterhp@wikimedia.org,Male,223.213.255.199,3572580801846539,Virtual
639,Serene,Belton,sbeltonhq@wordpress.org,Agender,217.72.97.58,3541107436961620,Cross-group
640,Fredi,Gierhard,fgierhardhr@imageshack.us,Female,240.204.219.130,3564474208459023,Total
641,Sayres,Smail,ssmailhs@unicef.org,Male,141.33.189.201,6385588427008939,challenge
642,Cazzie,Muro,cmuroht@reverbnation.com,Male,126.84.15.144,3557642234144129,product
643,Gun,Bonafacino,gbonafacinohu@yellowpages.com,Male,55.85.255.176,6387961485268992,
644,Marci,Pringer,mpringerhv@cocolog-nifty.com,Female,150.164.141.196,6709687304923420794,asynchronous
645,Junette,Burbury,jburburyhw@ehow.com,Female,194.221.44.153,4041378691794,static
646,Sebastian,Rosini,srosinihx@sourceforge.net,Male,39.141.78.226,3539466890853861,open architecture
647,Eba,Heaviside,eheavisidehy@1und1.de,Female,58.203.19.91,36084930220076,encoding
648,Noble,Lammin,nlamminhz@ebay.com,Male,0.161.189.239,30250203379180,utilisation
649,Timmie,Natwick,tnatwicki0@businessweek.com,Male,252.134.6.196,3530355035815282,Multi-layered
650,Trenton,Noad,tnoadi1@networkadvertising.org,Male,206.217.18.242,3543514616262174,global
651,Siusan,Szymon,sszymoni2@bandcamp.com,Female,224.173.173.24,5610253720433198,Diverse
652,Beth,Budge,bbudgei3@wp.com,Female,22.161.166.183,564182987422504160,Object-based
653,Silvia,,spiattoi4@bigcartel.com,Female,154.132.167.144,30486581627564,Profit-focused
654,Ave,Beades,abeadesi5@webeden.co.uk,Male,83.9.9.110,201999254550486,Multi-tiered
655,Arie,Goodbairn,agoodbairni6@sitemeter.com,Male,199.210.46.34,3563000710144992,Secured
656,Erastus,Joul,ejouli7@miitbeian.gov.cn,Male,198.219.73.227,374283942174293,Seamless
657,Ynes,Hawkin,yhawkini8@hhs.gov,Female,101.244.183.66,3558900918744377,Optimized
658,Winna,Adamowicz,wadamowiczi9@google.com.hk,Female,27.21.225.197,6759879871549053582,Monitored
659,Quinta,Bendtsen,qbendtsenia@1und1.de,Female,83.130.91.195,3531247930593586,Team-oriented
660,Berry,O'Calleran,bocalleranib@cisco.com,Female,40.98.103.216,3574818926910071,knowledge base
661,Lacy,German,lgermanic@scientificamerican.com,Female,166.38.207.255,201736833862374,secondary
662,Oates,Keddey,okeddeyid@over-blog.com,Male,195.195.255.56,374283534857024,De-engineered
663,Melanie,Cluely,mcluelyie@icq.com,Female,231.209.155.28,4405393865623641,zero tolerance
664,Janeen,Magnay,jmagnayif@unesco.org,Female,94.235.78.206,633110579664537139,Ameliorated
665,Kyla,Musgrave,kmusgraveig@odnoklassniki.ru,Female,12.136.245.242,6304575513593740,Networked
666,Haslett,Gietz,hgietzih@rakuten.co.jp,Male,34.21.36.14,3570361700865611,hub
667,Meade,Androlli,mandrolliii@list-manage.com,Male,180.80.155.196,3549729754748370,directional
668,Esme,,etolputtij@jiathis.com,Male,201.194.206.50,30151657278177,Ergonomic
669,Hunt,McCarney,hmccarneyik@google.ca,Male,252.246.92.102,6759508537593750,Multi-layered
670,Lebbie,Skevington,lskevingtonil@digg.com,Female,183.30.45.142,30269691392372,concept
671,Michail,Halkyard,mhalkyardim@typepad.com,Male,14.124.229.212,4903962259672508230,upward-trending
672,Hube,Lamprey,hlampreyin@people.com.cn,Male,134.177.191.121,6304397585903677,Digitized
673,Forrest,Townsend,ftownsendio@vimeo.com,Male,24.134.85.57,5610183384973090,solution-oriented
674,Spense,Burnet,sburnetip@clickbank.net,Male,14.101.147.6,3582457363600521,attitude-oriented
675,Winni,Rodden,wroddeniq@uol.com.br,Female,75.207.214.113,3574464192232385,contingency
676,Felicity,Kuhnert,fkuhnertir@usgs.gov,Female,125.72.62.110,5610537250675644,upward-trending
677,Arturo,McKie,amckieis@devhub.com,Male,3.111.196.227,6771277937791469314,even-keeled
678,Iver,Sandever,isandeverit@mit.edu,Male,216.96.240.214,3579527210670185,software
679,Hadleigh,Wilkin,hwilkiniu@bravesites.com,Male,163.88.210.27,3583381940197372,Exclusive
680,Svend,Arsnell,sarsnelliv@home.pl,Male,14.91.234.71,560221878950874102,open system
681,Brook,Merrifield,bmerrifieldiw@hubpages.com,Male,133.218.9.46,337941871798202,task-force
682,Thaxter,Chrisp,tchrispix@sun.com,Male,54.196.155.230,3570976291935646,Up-sized
683,Agneta,Engelmann,aengelmanniy@4shared.com,Female,65.8.187.32,5048379046150109,internet solution
684,Kaia,Hedden,kheddeniz@wikimedia.org,Female,82.57.132.27,3548086945126441,dynamic
685,Lay,Macallam,lmacallamj0@live.com,Male,246.169.187.55,3555989228854730,projection
686,Ellyn,Elbourne,eelbournej1@fastcompany.com,Female,51.223.59.192,201442229628392,emulation
687,Rasia,Plan,rplanj2@fastcompany.com,Female,28.49.84.121,5602246070012443086,structure
688,Cassie,Rakes,crakesj3@ft.com,Female,52.88.161.198,3569517779782754,database
689,Marijo,Fernao,mfernaoj4@cargocollective.com,Female,50.153.176.126,3557934805628881,methodical
690,Lily,Papaminas,lpapaminasj5@addtoany.com,Female,234.65.72.180,3564083523606158,Compatible
691,Sidnee,Eberz,seberzj6@springer.com,Male,188.242.124.121,201491309574695,customer loyalty
692,Jamison,Thursfield,jthursfieldj7@bloglines.com,Male,172.97.232.80,337941504915256,capability
693,Elisha,Attrey,eattreyj8@163.com,Male,76.3.42.248,201621765393012,composite
694,Gabriella,Crop,gcropj9@geocities.jp,Agender,112.247.183.121,3572615783520320,database
695,Arvie,Mityakov,amityakovja@pagesperso-orange.fr,Male,86.201.125.126,30038076450299,transitional
696,Hollie,Heffer,hhefferjb@seesaa.net,Female,211.199.229.73,5020001051549734,database
697,Shelli,Franckton,sfrancktonjc@mayoclinic.com,Female,132.41.36.209,5100134231278586,throughput
698,Charlotte,Haining,chainingjd@blogtalkradio.com,Female,206.49.174.251,3554990755322837,Face to face
699,Guenna,Atthow,gatthowje@soup.io,Female,19.53.210.181,377134379523212,human-resource
700,Bertie,Miko,bmikojf@homestead.com,Female,133.201.5.201,3531179346341310,system-worthy
701,Floria,Viccars,fviccarsjg@ifeng.com,Female,244.56.82.173,5339226504884638,exuding
702,Paquito,Deluce,pdelucejh@yahoo.com,Male,136.55.142.3,5602212560372254,Streamlined
703,Gorden,Ludwell,gludwellji@istockphoto.com,Male,15.149.96.163,30540561752857,radical
704,Abe,,astuckesjj@nba.com,Male,172.71.81.53,3556251742630586,24 hour
705,Mickie,Petren,mpetrenjk@nhs.uk,Male,89.224.104.104,3576755512887024,Vision-oriented
706,Laraine,McGrann,lmcgrannjl@printfriendly.com,Female,252.188.207.25,6709945244321813,internet solution
707,Dorey,Handscombe,dhandscombejm@freewebs.com,Female,51.185.78.72,5100149400163138,product
708,Ingaborg,Martinho,imartinhojn@nba.com,Female,71.85.172.103,4041594068881130,attitude
709,Claudianus,Viger,cvigerjo@xrea.com,Male,210.211.230.217,5007667048437139,collaboration
710,Wade,Tangye,wtangyejp@cnbc.com,Male,203.47.156.16,676701251923242778,Switchable
711,Roby,Burtenshaw,rburtenshawjq@g.co,Non-binary,236.195.47.169,5100137048371577,heuristic
712,Gracie,Garton,ggartonjr@comsenz.com,Female,191.83.255.237,5100138193170749,asymmetric
713,Lodovico,Dohms,ldohmsjs@simplemachines.org,Genderfluid,244.82.51.162,3552224242902098,reciprocal
714,Buiron,Leat,bleatjt@sfgate.com,Male,112.88.151.176,4405604095592764,database
715,Quintina,Arnoldi,qarnoldiju@webmd.com,Female,69.233.130.66,3533396462905854,hierarchy
716,Zebulen,Allchorn,zallchornjv@scientificamerican.com,Male,246.194.53.28,3562313875037450,functionalities
717,Immanuel,,imowsdelljw@hatena.ne.jp,Male,224.244.120.226,3550708511736825,software
718,Tymon,Froud,tfroudjx@github.com,Male,6.43.210.172,5893456972060500180,conglomeration
719,Ron,Pidgen,rpidgenjy@ameblo.jp,Genderqueer,89.9.190.38,3531612504214119,Realigned
720,Eduardo,Nitto,enittojz@drupal.org,Male,218.181.224.40,3586443062491723,Function-based
721,Randolf,Huban,rhubank0@oracle.com,Male,255.240.115.39,5893828432062951,empowering
722,Shepperd,Sellan,ssellank1@businessweek.com,Male,16.117.191.36,3571918836679312,access
723,Percival,Lardeux,plardeuxk2@alibaba.com,Male,6.236.200.224,3588268884732923,directional
724,Vincents,Brann,vbrannk3@uiuc.edu,Male,148.21.46.122,4936326331994950233,
725,Mallissa,Wassung,mwassungk4@ebay.co.uk,Female,64.77.22.61,3529807791763398,high-level
726,Josiah,McGarry,jmcgarryk5@youku.com,Male,158.84.120.232,5309214893787345,Exclusive
727,Katherina,McTavy,kmctavyk6@paginegialle.it,Female,112.135.75.65,6761649614562296,impactful
728,Calli,Pringley,cpringleyk7@usnews.com,Female,159.177.188.177,560224516235406897,Progressive
729,Britt,Mueller,bmuellerk8@arstechnica.com,Male,249.204.168.77,3538188693023390,focus group
730,Gladi,Poupard,gpoupardk9@t.co,Female,181.62.91.80,201686081089545,disintermediate
731,Fredric,Muddicliffe,fmuddicliffeka@storify.com,Male,120.189.160.61,3543162530698899,functionalities
732,Mara,Sokale,msokalekb@auda.org.au,Female,129.111.82.254,5602217408586618318,6th generation
733,Junette,,jgrassickkc@histats.com,Female,8.181.5.52,3540905853311455,Mandatory
734,Suellen,Gentiry,sgentirykd@cyberchimps.com,Female,214.240.115.65,5455613714655718,Implemented
735,Peadar,Eastlake,peastlakeke@last.fm,Male,82.122.248.139,3562935155470462,Sharable
736,Barbabra,McConaghy,bmcconaghykf@bbc.co.uk,Polygender,1.48.137.224,5010122304018020,Reactive
737,Selena,Briiginshaw,sbriiginshawkg@theglobeandmail.com,Female,143.221.79.234,5010125845834722,
738,Tamma,Lancastle,tlancastlekh@cdc.gov,Female,14.88.131.63,3574317099318899,local
739,Cristiano,Tripet,ctripetki@rediff.com,Bigender,60.238.40.200,3572596906196562,initiative
740,Elvera,Babbidge,ebabbidgekj@aol.com,Female,23.176.136.223,30424149764421,content-based
741,Rey,Blowes,rbloweskk@hc360.com,Male,182.108.67.0,36387214396375,circuit
742,Claude,Ivamy,civamykl@marketwatch.com,Polygender,195.71.197.16,5485230296145382,challenge
743,Valaree,Santostefano.,vsantostefanokm@hexun.com,Female,159.215.217.170,5302777648874128,intranet
744,Adriano,Bristowe,abristowekn@netlog.com,Male,137.86.8.128,3567052700033160,dedicated
745,Godfry,Durbin,gdurbinko@networksolutions.com,Male,139.85.85.96,3531463224138976,Compatible
746,Shirlene,Dewire,sdewirekp@ning.com,Female,131.189.163.159,3583863349332197,optimal
747,Mirabella,Bahl,mbahlkq@360.cn,Female,242.247.188.21,5602243138267882,flexibility
748,Prinz,Michieli,pmichielikr@vk.com,Male,207.63.197.41,30332807115119,non-volatile
749,Lurlene,Turmall,lturmallks@dailymail.co.uk,Female,74.135.141.116,676114911107265280,info-mediaries
750,Ogden,Orbell,oorbellkt@meetup.com,Male,112.105.246.150,5002351471530059,tertiary
751,Leone,Meeson,lmeesonku@cpanel.net,Female,85.42.52.234,3542272585652708,Devolved
752,Jacobo,Geharke,jgeharkekv@altervista.org,Male,95.127.135.135,6759940210419887735,initiative
753,Gard,Delacour,gdelacourkw@flavors.me,Male,233.179.118.243,3542991940696379,local area network
754,Tadeo,Vader,tvaderkx@cpanel.net,Male,204.39.164.189,3550134081264165,grid-enabled
755,Delmer,Winters,dwintersky@ebay.com,Male,118.22.198.241,5460964687773290,holistic
756,Cherry,Athow,cathowkz@flickr.com,Female,236.25.148.98,3581414084569932,Implemented
757,Adriaens,Sherbrooke,asherbrookel0@sourceforge.net,Female,53.196.164.153,3566970653507818,mobile
758,Darb,Lello,dlellol1@live.com,Male,16.130.113.59,3564186928138428,approach
759,Nial,Baunton,nbauntonl2@macromedia.com,Male,167.193.148.132,6384993657782453,matrix
760,Mable,Stocker,mstockerl3@disqus.com,Genderfluid,117.15.153.148,6334376090803388952,structure
761,Harper,Hegley,hhegleyl4@prnewswire.com,Male,32.33.143.113,337941842385022,dedicated
762,Dolli,Grazier,dgrazierl5@icio.us,Female,198.27.197.142,5610488215456078,cohesive
763,Horatio,,hbausorl6@uiuc.edu,Male,7.244.149.69,633110396843323434,local area network
764,Samaria,O'Crigane,socriganel7@auda.org.au,Female,180.121.169.68,4917308687931007,Horizontal
765,Gordy,Jerrolt,gjerroltl8@discovery.com,Male,128.178.252.91,3565710988975582,empowering
766,Clarice,Doole,cdoolel9@princeton.edu,Female,155.211.217.22,3547811085002149,human-resource
767,Myrvyn,Stayte,mstaytela@topsy.com,Male,40.148.90.176,3572600727690454,User-friendly
768,Noella,Minithorpe,nminithorpelb@amazon.co.uk,Female,27.152.238.16,5610854510424105,protocol
769,Errol,Knell,eknelllc@jigsy.com,Non-binary,125.76.15.4,5010121606100668,Diverse
770,Zacherie,Farreil,zfarreilld@mayoclinic.com,Male,105.180.243.61,3539171145437995,responsive
771,Judon,Elfe,jelfele@rakuten.co.jp,Male,210.63.166.56,3574392401172086,alliance
772,Albina,Jarrold,ajarroldlf@umn.edu,Genderqueer,71.29.49.164,3580478085636009,Polarised
773,Darwin,Drinkall,ddrinkalllg@tripadvisor.com,Male,112.29.33.247,4041591365830729,Persevering
774,Kienan,Mugford,kmugfordlh@ameblo.jp,Male,5.119.219.123,5552270460341977,collaboration
775,Philippe,Lampke,plampkeli@furl.net,Female,251.89.230.169,6762660310046671882,orchestration
776,Adams,Aspray,aaspraylj@fastcompany.com,Male,148.27.143.154,5100135963585536,Graphical User Interface
777,Kermit,Vodden,kvoddenlk@parallels.com,Male,11.118.208.218,3582931339359800,middleware
778,Gigi,Cowin,gcowinll@addthis.com,Genderqueer,8.190.239.72,4041592344480974,Seamless
779,Connie,Pentlow,cpentlowlm@alibaba.com,Female,81.147.220.88,3554656931502895,composite
780,Lenee,Bramsen,lbramsenln@dailymotion.com,Female,78.1.63.14,5361090523301599,installation
781,Brittan,Kightly,bkightlylo@tripadvisor.com,Female,172.213.115.25,493686981290472611,definition
782,Samuel,Brower,sbrowerlp@wired.com,Male,40.234.201.131,3550623631509541,toolset
783,Izzy,Jamison,ijamisonlq@boston.com,Male,75.28.59.77,374283513713495,global
784,Doralia,Lillow,dlillowlr@altervista.org,Female,191.82.92.64,3528966638801067,Enhanced
785,Terrijo,Allworthy,tallworthyls@huffingtonpost.com,Female,192.13.0.202,201824380382986,Expanded
786,Clerissa,Loughran,cloughranlt@mozilla.com,Female,111.255.18.100,3542453976924753,policy
787,Deeann,Luck,dlucklu@harvard.edu,Female,141.43.109.227,3559167797453574,tangible
788,Reg,Skedge,rskedgelv@seattletimes.com,Male,216.67.29.199,5610909554316128,heuristic
789,Abbe,Shill,ashilllw@comsenz.com,Male,143.75.143.104,4041599127180,access
790,Haley,Bescoby,hbescobylx@alexa.com,Female,165.229.45.21,5020808279172231000,Down-sized
791,Brit,Prys,bprysly@seesaa.net,Female,72.116.55.42,3578658150821545,help-desk
792,Towny,Vowells,tvowellslz@weebly.com,Male,153.206.163.44,30073571808873,knowledge user
793,Birgitta,Signori,bsignorim0@craigslist.org,Female,221.31.5.40,5602230443368042,synergy
794,Teriann,Gluyus,tgluyusm1@youku.com,Female,26.74.228.198,3539974904919107,support
795,Joanna,Chasles,jchaslesm2@163.com,Female,57.183.123.25,337941486169989,throughput
796,Claiborn,Dundin,cdundinm3@imgur.com,Male,37.76.100.128,3568395676062500,full-range
797,Mirilla,Mewhirter,mmewhirterm4@unblog.fr,Female,223.30.21.84,6759416323763163184,interactive
798,Colby,Treneer,ctreneerm5@sohu.com,Male,188.38.157.220,3546658396827826,Fundamental
799,Waylon,Barlie,wbarliem6@booking.com,Polygender,177.35.203.252,6397191325035686,background
800,Jereme,Cellier,jcellierm7@whitehouse.gov,Male,146.244.60.227,3545183364964247,composite
801,Shelden,Bonsey,sbonseym8@networkadvertising.org,Male,87.210.65.0,6375650506190426,eco-centric
802,Neil,Ferrettino,nferrettinom9@squarespace.com,Male,62.177.55.248,3572433751382354,Enhanced
803,Roosevelt,Jepps,rjeppsma@foxnews.com,Male,75.125.241.229,3545186009083042,asymmetric
804,Francoise,Eastwell,feastwellmb@de.vu,Female,10.58.250.27,6399326969612931,Face to face
805,Jackqueline,Mathen,jmathenmc@networksolutions.com,Female,205.211.106.45,6334175633830181,demand-driven
806,Nessi,Wholesworth,nwholesworthmd@walmart.com,Female,42.106.76.189,3576096694917945,
807,Adelbert,Currington,acurringtonme@marketwatch.com,Male,254.107.236.250,30558908489066,projection
808,Jeremias,Crownshaw,jcrownshawmf@weibo.com,Male,215.108.251.78,3584715842011687,Horizontal
809,Granville,Starten,gstartenmg@earthlink.net,Male,2.182.51.255,3589156118216533,analyzer
810,Caterina,Zanassi,czanassimh@homestead.com,Female,104.153.195.77,3582718816534348,logistical
811,Randee,Winterflood,rwinterfloodmi@stumbleupon.com,Agender,19.60.237.116,6759135046560144905,actuating
812,Theda,Hillyatt,thillyattmj@weather.com,Female,168.107.217.62,3574958004322482,Graphical User Interface
813,Trenton,Grimsdell,tgrimsdellmk@about.com,Male,23.58.231.210,3574576869739960,data-warehouse
814,Ryann,Carruthers,rcarruthersml@ovh.net,Female,222.117.100.235,30324375015888,Robust
815,Cornie,Jellybrand,cjellybrandmm@ed.gov,Male,51.193.27.248,374288442696422,knowledge base
816,Wood,McVey,wmcveymn@yellowpages.com,Male,156.22.43.203,5314791037978982,intangible
817,Verine,Wareham,vwarehammo@about.com,Female,18.137.28.101,5893181589832829499,Seamless
818,Glory,McIlory,gmcilorymp@tripod.com,Female,174.19.73.21,3573956616091652,middleware
819,Margaretta,Husthwaite,mhusthwaitemq@hubpages.com,Female,32.48.170.163,3563327159567569,
820,Stefanie,,salldenmr@forbes.com,Female,25.155.166.196,378351935981929,fresh-thinking
821,Scottie,Skeldon,sskeldonms@scribd.com,Male,123.123.88.254,3529128228192246,intermediate
822,Nannette,Fanning,nfanningmt@wsj.com,Female,25.189.218.41,5048375706400461,Implemented
823,Borden,Leak,bleakmu@google.pl,Male,214.198.69.66,3588069686914317,grid-enabled
824,Tova,Bramford,tbramfordmv@sciencedirect.com,Female,221.84.150.165,3562193061914773,Polarised
825,Zita,Barrowcliff,zbarrowcliffmw@scribd.com,Female,0.89.193.238,5602259935834914,Polarised
826,Adler,Rizzelli,arizzellimx@ask.com,Male,170.204.184.249,3573463856930236,radical
827,Ted,Teasell,tteasellmy@hhs.gov,Male,95.139.143.85,3544871821760601,algorithm
828,Tanney,Parnall,tparnallmz@squarespace.com,Male,165.251.0.167,6377959034880863,systematic
829,Jobyna,Tunstall,jtunstalln0@kickstarter.com,Female,76.131.159.236,5602245993366725,Diverse
830,Cariotta,Thrustle,cthrustlen1@fastcompany.com,Female,74.188.255.104,6304091597492584607,Compatible
831,Frazer,Fidgeon,ffidgeonn2@liveinternet.ru,Male,254.175.80.236,201657780500934,Graphical User Interface
832,Adey,Gaudin,agaudinn3@wordpress.org,Female,108.107.137.214,5020416238536927,conglomeration
833,Kanya,Trevethan,ktrevethann4@yale.edu,Female,36.45.172.133,5038268296900457,solution
834,Frank,Mechic,fmechicn5@columbia.edu,Male,138.86.231.97,6333328462288861,composite
835,Della,Trusler,dtruslern6@facebook.com,Female,137.85.145.73,501850244264622533,open system
836,Bobina,Scammell,bscammelln7@skype.com,Female,232.59.252.193,3529687999040470,cohesive
837,Kerk,Quantrell,kquantrelln8@tiny.cc,Male,57.173.82.90,3532428906821206,Ameliorated
838,Lorain,Ayrton,layrtonn9@ca.gov,Female,204.255.199.250,3540485106192531,24 hour
839,Luca,Lehr,llehrna@networksolutions.com,Male,116.150.254.230,5007665770206276,Synchronised
840,Charissa,Ionn,cionnnb@printfriendly.com,Bigender,185.117.13.79,5010126364795609,circuit
841,Harman,Botwright,hbotwrightnc@google.com.hk,Male,184.35.26.191,5641822433524305740,database
842,Bar,Arent,barentnd@statcounter.com,Male,243.11.232.147,3580653439134030,standardization
843,Christophorus,Bathoe,cbathoene@alexa.com,Male,2.89.120.24,4905766123411818008,system engine
844,Lexy,Gorger,lgorgernf@amazonaws.com,Genderqueer,31.165.26.245,5194033410403451,system-worthy
845,Amandie,Tilly,atillyng@npr.org,Bigender,106.64.190.235,6709452248332932266,methodical
846,Lynna,Ruperto,lrupertonh@about.com,Female,55.156.57.43,564182385733484265,concept
847,Anabella,Laker,alakerni@uiuc.edu,Female,170.89.18.239,675961863590383631,
848,Marcile,Exposito,mexpositonj@google.de,Genderqueer,67.166.22.20,3542451527083962,ability
849,Averyl,Bayldon,abayldonnk@mapquest.com,Non-binary,46.221.230.215,676375676026105933,User-friendly
850,Turner,Farnin,tfarninnl@simplemachines.org,Male,197.47.205.158,36603063881113,dedicated
851,Carree,Cornforth,ccornforthnm@google.cn,Female,219.202.39.108,6767392314526105,help-desk
852,Rosita,Escritt,rescrittnn@cloudflare.com,Female,228.32.9.204,3532025127975165,function
853,Kingsly,Legrave,klegraveno@hubpages.com,Male,162.255.35.197,5602253549930531,background
854,Karlotta,,krichardesnp@vinaora.com,Female,11.50.254.129,201947616096888,dynamic
855,Phebe,Lympany,plympanynq@tmall.com,Female,49.130.134.123,4936644072513258,task-force
856,Josephina,,jstangelnr@ibm.com,Female,45.60.147.150,4026227092060186,Organized
857,Malorie,Brehault,mbrehaultns@t-online.de,Female,79.181.116.27,30124375706951,Secured
858,Lonna,McNeish,lmcneishnt@joomla.org,Non-binary,36.123.157.149,3561107092153715,
859,Dahlia,Rozalski,drozalskinu@google.ru,Female,146.240.103.75,3569395552781586,software
860,Marion,Kempe,mkempenv@accuweather.com,Male,247.90.167.187,4913428129222445,Compatible
861,Patten,Kemson,pkemsonnw@buzzfeed.com,Male,242.226.227.246,4026174615820078,model
862,Dale,Bullen,dbullennx@soup.io,Female,180.149.248.162,67097997512483728,zero tolerance
863,Raynor,Ganiford,rganifordny@sbwire.com,Male,8.25.3.57,3585364254981159,success
864,Eba,Farquharson,efarquharsonnz@twitpic.com,Female,112.138.211.233,633343587251159323,Reverse-engineered
865,Deanna,Rainard,drainardo0@cbc.ca,Female,104.90.39.63,4936986419491119971,
866,Wilt,Yerrill,wyerrillo1@hao123.com,Male,127.86.21.155,3575795551712510,bi-directional
867,Ware,Tissier,wtissiero2@wsj.com,Genderfluid,37.220.21.132,4175001300240545,matrices
868,Mandi,Olrenshaw,molrenshawo3@angelfire.com,Female,160.86.224.103,3566601725995026,Focused
869,Holly,Yankin,hyankino4@live.com,Female,191.21.68.199,3541178159194624,Graphical User Interface
870,Lars,Pargiter,lpargitero5@qq.com,Male,23.137.149.222,4508388926393966,holistic
871,Allx,Eginton,aegintono6@sitemeter.com,Female,212.202.58.239,5602237418904008,mobile
872,Harlan,Jeayes,hjeayeso7@merriam-webster.com,Male,210.65.78.118,675928559137753201,
873,Justina,Casserley,jcasserleyo8@netscape.com,Female,196.105.135.61,3574186843502359,
874,Denney,Petraitis,dpetraitiso9@devhub.com,Male,111.111.176.239,4041592127476,paradigm
875,Felicdad,Hann,fhannoa@umn.edu,Agender,9.50.149.101,3548289625528163,systemic
876,Torin,Gorman,tgormanob@mtv.com,Agender,104.156.29.77,5007660834398888,3rd generation
877,Albina,Bickmore,abickmoreoc@amazon.co.jp,Female,81.67.77.52,493649085057209640,3rd generation
878,Fulton,Tompkiss,ftompkissod@fastcompany.com,Male,79.126.203.30,3552743750522113,4th generation
879,Benedetto,Matczak,bmatczakoe@patch.com,Male,157.54.31.54,6759106645093043,Organic
880,Mark,Yushachkov,myushachkovof@tmall.com,Male,185.23.10.95,3531743227974091,parallelism
881,Kermit,Manoch,kmanochog@mapy.cz,Male,193.208.3.0,3562233802474545,tangible
882,Tymothy,Reardon,treardonoh@google.co.uk,Male,53.80.19.41,346448838094104,Monitored
883,Alissa,Porker,aporkeroi@odnoklassniki.ru,Female,161.163.77.222,56108200519382377,intranet
884,Torey,Crampsy,tcrampsyoj@xrea.com,Male,104.180.135.106,5483655012628117,Cross-platform
885,Neely,Canellas,ncanellasok@sfgate.com,Female,236.246.151.242,5108755892656603,intranet
886,Robbyn,Fitzjohn,rfitzjohnol@businesswire.com,Female,49.34.93.65,4041377435870,Open-architected
887,Ruprecht,Tavinor,rtavinorom@pbs.org,Male,86.52.110.232,5610063320185506,leverage
888,Colly,Westgate,cwestgateon@histats.com,Female,9.151.31.73,4041590737631,client-server
889,Aleta,Girardengo,agirardengooo@dion.ne.jp,Female,11.29.230.217,5602233669339176,bottom-line
890,Enid,Nevinson,enevinsonop@canalblog.com,Female,163.213.244.136,3587089819905678,well-modulated
891,Brennen,Timlin,btimlinoq@shareasale.com,Male,184.208.47.9,5165717975139451,Operative
892,Sarah,Durkin,sdurkinor@biglobe.ne.jp,Female,71.79.114.146,3563126689490635,optimizing
893,Miles,Essex,messexos@exblog.jp,Male,156.114.69.4,5501183228792633,Polarised
894,Aldrich,Sabathe,asabatheot@shutterfly.com,Male,240.133.142.74,5100132305403551,modular
895,Lawry,Nestle,lnestleou@myspace.com,Male,110.54.96.249,676762287873388951,Inverse
896,Neron,Gensavage,ngensavageov@google.com,Male,7.105.129.138,6762062497503058739,mobile
897,Brina,Havelin,bhavelinow@apache.org,Female,2.179.78.242,3536332693610705,
898,Umberto,Filippi,ufilippiox@spiegel.de,Male,37.120.222.151,3539903312804353,interface
899,Pippo,Colthurst,pcolthurstoy@berkeley.edu,Male,142.65.195.255,5610547621808425775,solution
900,Paloma,Purselowe,ppurseloweoz@addtoany.com,Female,4.176.204.125,372301234489369,multimedia
901,Marjie,Really,mreallyp0@whitehouse.gov,Female,145.29.177.59,4041591077847,maximized
902,Edmund,Braund,ebraundp1@ftc.gov,Male,138.52.133.132,3528678744436122,orchestration
903,Krispin,Strange,kstrangep2@51.la,Polygender,93.4.64.43,4905113211924955,orchestration
904,Pasquale,Kastel,pkastelp3@baidu.com,Male,112.81.136.249,3552151224700077,Visionary
905,Trina,Breakey,tbreakeyp4@php.net,Female,185.54.202.39,5289550779127393,internet solution
906,Aguistin,Osmint,aosmintp5@meetup.com,Male,96.3.71.107,3583484821363848,composite
907,Markos,Blesli,mbleslip6@ed.gov,Male,120.111.15.166,3528349426463160,disintermediate
908,Maynord,Brymham,mbrymhamp7@furl.net,Male,184.230.139.240,3560189770798715,
909,Suzi,Yakutin,syakutinp8@devhub.com,Female,18.22.203.242,3543683932745798,web-enabled
910,Kenton,Duinkerk,kduinkerkp9@elegantthemes.com,Male,2.192.201.123,3549382310841832,Future-proofed
911,Amberly,Joicey,ajoiceypa@opensource.org,Agender,161.10.113.185,560223431994675776,pricing structure
912,Myriam,Terrett,mterrettpb@pinterest.com,Female,118.96.53.128,3567710612850563,customer loyalty
913,Merv,Fossey,mfosseypc@hubpages.com,Male,184.217.33.215,3587091964182327,Synchronised
914,Hubie,St Angel,hstangelpd@ucoz.com,Male,53.167.144.124,3566813221597053,initiative
915,Rex,Worboy,rworboype@shutterfly.com,Genderqueer,61.160.165.80,3589068220265565,
916,Kippie,Byre,kbyrepf@wikispaces.com,Female,204.141.137.247,374283727735086,global
917,Felita,Maes,fmaespg@themeforest.net,Female,50.199.195.64,3555367297367621,capability
918,Giffy,McPherson,gmcphersonph@mayoclinic.com,Male,203.69.248.210,3535972397641950,Polarised
919,Johnna,Dufaur,jdufaurpi@bloomberg.com,Female,67.38.205.111,4041371084017399,protocol
920,Iris,Seargeant,iseargeantpj@mozilla.org,Female,120.122.230.125,3537712645830585,time-frame
921,Orella,Pendergrast,opendergrastpk@ehow.com,Female,172.203.14.6,50182972459203175,holistic
922,Minny,Addionisio,maddionisiopl@japanpost.jp,Female,153.160.126.101,490373250484867026,Managed
923,Demetre,Boggish,dboggishpm@army.mil,Male,66.160.5.202,3589956166968269,explicit
924,Sampson,Romanet,sromanetpn@blogger.com,Male,187.28.177.218,374283972056642,Cloned
925,Melisenda,Driffe,mdriffepo@hud.gov,Female,148.28.185.233,3563433043273578,software
926,Bartie,Crass,bcrasspp@posterous.com,Male,86.78.237.197,5100147699255177,knowledge base
927,Eal,Fortune,efortunepq@phoca.cz,Male,150.80.23.196,3583988990080116,Innovative
928,Regan,Polet,rpoletpr@qq.com,Female,211.154.58.175,3576365885530423,challenge
929,Tully,Standbrooke,tstandbrookeps@edublogs.org,Male,30.202.104.210,3554704061585197,collaboration
930,Darda,Hews,dhewspt@admin.ch,Female,0.229.29.221,374622377940753,modular
931,Roxi,Briddle,rbriddlepu@sourceforge.net,Female,38.131.231.214,6375038973778966,methodology
932,Blair,Cereceres,bcerecerespv@globo.com,Male,127.105.187.86,30190621068744,Automated
933,Lorant,Nevin,lnevinpw@google.es,Male,57.61.53.210,3543520716045831,projection
934,Serge,Bartolozzi,sbartolozzipx@archive.org,Male,211.119.200.41,5002357288385108,local area network
935,Stella,Gavriel,sgavrielpy@naver.com,Female,212.60.182.120,3540133728037631,encoding
936,Cassandre,Kersting,ckerstingpz@unesco.org,Female,94.225.216.205,5100138803399563,
937,Sherie,Leversha,slevershaq0@house.gov,Agender,72.83.143.76,201500587163748,website
938,Lindsay,Cain,lcainq1@scribd.com,Male,84.25.69.171,6759736904472080216,moderator
939,Jerrylee,Dicty,jdictyq2@soundcloud.com,Female,130.156.8.66,3565178696692800,Virtual
940,Molly,Gulc,mgulcq3@topsy.com,Female,117.143.223.148,6304346709739832433,user-facing
941,Aguie,Coie,acoieq4@reddit.com,Male,206.49.9.112,4936734889574898,alliance
942,Vitoria,Norwell,vnorwellq5@scientificamerican.com,Female,48.91.73.156,50200493736506585,actuating
943,Fritz,,fbrimmq6@shinystat.com,Male,168.213.88.62,5446764699599231,moratorium
944,Cammy,Markham,cmarkhamq7@time.com,Male,8.13.11.13,3553407812456251,strategy
945,Carena,,cmarlerq8@msu.edu,Female,142.53.157.63,3584630804520072,asynchronous
946,Rickie,Nickoles,rnickolesq9@gnu.org,Female,62.16.214.165,5010124345175926,fault-tolerant
947,Moll,Hembry,mhembryqa@goodreads.com,Bigender,245.197.144.169,4936345170339167179,instruction set
948,Melloney,Viveash,mviveashqb@over-blog.com,Female,78.38.166.95,5038368663560519379,scalable
949,D'arcy,Northridge,dnorthridgeqc@google.it,Male,89.93.140.205,3560076098269265,flexibility
950,Doy,Shimmans,dshimmansqd@dailymail.co.uk,Polygender,27.105.117.95,5893491899947063,holistic
951,Marven,Shearston,mshearstonqe@npr.org,Agender,222.25.157.224,36860581501215,Ergonomic
952,Flossy,Aldrin,faldrinqf@xrea.com,Female,73.237.227.126,3586514650132398,Right-sized
953,Korie,Middleditch,kmiddleditchqg@wix.com,Agender,222.44.17.134,4508788648403219,high-level
954,Ryann,Seywood,rseywoodqh@diigo.com,Female,164.175.252.138,3536089886178417,Ameliorated
955,Ursa,Garrioch,ugarriochqi@cnn.com,Female,248.255.73.99,5602259702967004109,flexibility
956,Almeria,Richie,arichieqj@omniture.com,Female,192.113.223.143,3579228633736584,Switchable
957,Celka,Kemball,ckemballqk@arstechnica.com,Genderqueer,242.123.141.133,4405788844896780,hardware
958,Emma,Walentynowicz,ewalentynowiczql@walmart.com,Female,162.241.110.192,3588072071400116,analyzer
959,Valerye,Prestner,vprestnerqm@ucoz.ru,Female,234.153.160.134,6761783540131739392,well-modulated
960,Cymbre,Durnan,cdurnanqn@guardian.co.uk,Female,86.119.80.195,3568939686380343,Centralized
961,Perren,Dallison,pdallisonqo@discuz.net,Male,198.176.41.216,5002357258420596,info-mediaries
962,Alleyn,Cradduck,acradduckqp@zdnet.com,Male,235.126.240.250,3588041292562020,project
963,Brice,Farfoot,bfarfootqq@cmu.edu,Male,6.129.73.205,3571116419977597,regional
964,Emlynn,Baroux,ebarouxqr@time.com,Female,200.24.27.231,3532599624088417,synergy
965,Leela,Postle,lpostleqs@ucsd.edu,Female,203.196.213.163,36224433842030,orchestration
966,Gabriell,Jozwik,gjozwikqt@ucla.edu,Female,101.196.177.180,3563945613442002,support
967,Sonja,Brigg,sbriggqu@deliciousdays.com,Female,166.236.39.136,5602229754476238,bottom-line
968,Loralee,,llillyqv@friendfeed.com,Female,42.133.254.59,0604516254827889,benchmark
969,Ado,Mellor,amellorqw@dropbox.com,Genderqueer,50.117.95.137,63045359349119011,Pre-emptive
970,Olly,Kolinsky,okolinskyqx@sciencedaily.com,Agender,187.51.52.248,6304213146653892525,Profit-focused
971,Pauletta,Bartram,pbartramqy@nih.gov,Female,175.125.12.78,5048378290858672,Focused
972,Phillida,Aries,pariesqz@creativecommons.org,Female,213.207.222.14,201419865173297,open architecture
973,Creight,MacKellar,cmackellarr0@howstuffworks.com,Male,202.12.78.112,6334572640630739,budgetary management
974,Goober,Lamont,glamontr1@europa.eu,Male,242.88.119.151,3548299831364519,multi-tasking
975,Hodge,de Clerc,hdeclercr2@4shared.com,Male,158.28.240.98,3538701333899514,database
976,Alia,McGilroy,amcgilroyr3@google.es,Female,176.96.87.231,3530095853267691,complexity
977,Lexie,Delacoste,ldelacoster4@mac.com,Female,85.233.251.178,676284063389174527,Persevering
978,Sherwynd,Parram,sparramr5@upenn.edu,Genderqueer,164.81.229.193,3565615159201280,emulation
979,Carl,Goodfellowe,cgoodfellower6@nifty.com,Male,124.65.18.244,3546801702576477,encoding
980,Ellis,Toffler,etofflerr7@pbs.org,Male,75.43.64.113,6333808493750983678,systemic
981,Annamarie,Charity,acharityr8@icq.com,Female,135.66.37.105,6304936685229762,value-added
982,Fraze,Weerdenburg,fweerdenburgr9@adobe.com,Male,50.20.11.158,3533240427881406,toolset
983,Avigdor,Brand,abrandra@usa.gov,Male,38.119.119.176,372301745299604,Phased
984,Van,Roache,vroacherb@phpbb.com,Female,92.63.38.167,4508619318633498,coherent
985,Nicolas,Newman,nnewmanrc@independent.co.uk,Male,64.8.234.248,3565771502024356,Seamless
986,Cello,Hamments,chammentsrd@reuters.com,Male,170.167.124.188,3562905713967564,
987,Roseann,de Vaen,rdevaenre@mozilla.org,Female,243.224.135.100,501831622038703503,3rd generation
988,Viviana,Staynes,vstaynesrf@stanford.edu,Non-binary,61.59.5.187,5420013432421117,initiative
989,Averil,Peverell,apeverellrg@shinystat.com,Male,92.181.150.176,3570613522005192,internet solution
990,Fons,Jennery,fjenneryrh@4shared.com,Male,245.45.174.2,4905367706329066174,fault-tolerant
991,Tabby,Drinkel,tdrinkelri@ca.gov,Female,223.211.174.148,5471501493796615,
992,Emmanuel,Smallshaw,esmallshawrj@scientificamerican.com,Male,170.49.242.191,3543109910766051,synergy
993,Foss,Yelden,fyeldenrk@over-blog.com,Male,48.216.20.168,6771298623511198079,Virtual
994,Sharia,Adshed,sadshedrl@soup.io,Female,43.82.207.116,3540031596898243,Synergized
995,Clementia,Rowley,crowleyrm@cisco.com,Female,81.120.81.186,3576004010854081,product
996,Guendolen,Woodley,gwoodleyrn@gravatar.com,Female,47.89.133.168,5493908251559917,system-worthy
997,Taber,Ryam,tryamro@redcross.org,Male,180.28.22.92,56022448286277139,systemic
998,Cyrus,Escofier,cescofierrp@xinhuanet.com,Genderfluid,248.8.75.148,3566923966358015,Focused
999,Bette-ann,Papaminas,bpapaminasrq@mapquest.com,Female,27.115.92.186,4238792656508,Robust
1000,Stern,Tewkesberry,stewkesberryrr@ebay.com,Male,60.239.195.249,5212347686634666,data-warehouse
